code,file,line,cardId,state,aspect,axis,score,evidenceQuote,rationale,detail
"fragmented_quote","major-arcana.json","3","major-00","upright","core","ACT","2","khởi đầu, hãy tiến bước","Chủ động bước vào hành trình mới với tinh thần khởi xướng cao độ.","Every comma/semicolon-separated fragment occurs in source; whole quote is not contiguous."
"fragmented_quote","major-arcana.json","3","major-00","upright","core","STR","-1","tự do, cởi mở","Thả lỏng khuôn khổ để đón nhận điều mới mẻ.","Every comma/semicolon-separated fragment occurs in source; whole quote is not contiguous."
"fragmented_quote","major-arcana.json","3","major-00","upright","core","RSK","2","niềm tin, tiến bước với sự cởi mở","Can đảm tuyệt đối bước vào điều chưa biết với niềm tin trọn vẹn.","Every comma/semicolon-separated fragment occurs in source; whole quote is not contiguous."
"quote_not_found","major-arcana.json","28","major-00","reversed","core","RSK","-1","tránh liều lĩnh","Nhận ra mối nguy hiểm từ sự bất cẩn.","Not exact or fully supported comma/semicolon-separated excerpts; may be paraphrase, expansion, or invention. Requires semantic review."
"quote_not_found","major-arcana.json","28","major-00","reversed","core","INT","1","nhận ra cơ hội bị che khuất","Thức tỉnh trước những điểm mù.","Not exact or fully supported comma/semicolon-separated excerpts; may be paraphrase, expansion, or invention. Requires semantic review."
"fragmented_quote","major-arcana.json","28","major-00","reversed","shadow","ACT","-2","sợ bước đi, do dự","Tê liệt hành vi vì lo âu, chần chừ không dám tiến lên.","Every comma/semicolon-separated fragment occurs in source; whole quote is not contiguous."
"fragmented_quote","major-arcana.json","28","major-00","reversed","shadow","STR","-2","thiếu chuẩn bị, bốc đồng","Hỗn loạn do hành động bột phát không có phương pháp.","Every comma/semicolon-separated fragment occurs in source; whole quote is not contiguous."
"quote_not_found","major-arcana.json","28","major-00","reversed","shadow","RSK","-2","bốc đồng hoặc do dự","Cực đoan giữa sợ hãi co cụm và liều lĩnh mù quáng.","Not exact or fully supported comma/semicolon-separated excerpts; may be paraphrase, expansion, or invention. Requires semantic review."
"fragmented_quote","major-arcana.json","53","major-01","upright","core","ACT","2","hành động có chủ đích, ý chí","Hành động quyết liệt, tập trung chuyển hóa ý chí thành hiện thực.","Every comma/semicolon-separated fragment occurs in source; whole quote is not contiguous."
"fragmented_quote","major-arcana.json","53","major-01","upright","core","STR","1","nguồn lực cần thiết, có chủ đích","Tổ chức nguồn lực có mục tiêu rõ ràng.","Every comma/semicolon-separated fragment occurs in source; whole quote is not contiguous."
"fragmented_quote","major-arcana.json","53","major-01","upright","core","INT","1","ý chí, ý tưởng","Kết nối ý tưởng sâu sắc với ý thức thực thi.","Every comma/semicolon-separated fragment occurs in source; whole quote is not contiguous."
"nonzero_empty_quote","major-arcana.json","53","major-01","upright","shadow","EMO","-1","","Có thể quá duy ý chí mà phớt lờ cảm xúc xung quanh.","Nonzero score has no evidence."
"quote_not_found","major-arcana.json","78","major-01","reversed","core","STR","1","làm rõ ưu tiên","Bắt đầu thiết lập lại trật tự và danh sách ưu tiên.","Not exact or fully supported comma/semicolon-separated excerpts; may be paraphrase, expansion, or invention. Requires semantic review."
"fragmented_quote","major-arcana.json","78","major-01","reversed","shadow","STR","-2","phân tán, dùng sai hướng","Mất trật tự, năng lượng bị phân mảnh hỗn loạn.","Every comma/semicolon-separated fragment occurs in source; whole quote is not contiguous."
"fragmented_quote","major-arcana.json","103","major-02","upright","core","INT","2","trực giác, trí tuệ nội tâm, tầng sâu","Đỉnh cao của trực giác và trí tuệ tâm linh thâm sâu.","Every comma/semicolon-separated fragment occurs in source; whole quote is not contiguous."
"quote_not_found","major-arcana.json","103","major-02","upright","shadow","RSK","-1","chờ đợi","Ngại va chạm với thực tế trần tục.","Not exact or fully supported comma/semicolon-separated excerpts; may be paraphrase, expansion, or invention. Requires semantic review."
"quote_not_found","major-arcana.json","128","major-02","reversed","core","INT","1","lấy lại trực giác","Ý thức được tiếng ồn để quay về với tiếng nói nội tâm.","Not exact or fully supported comma/semicolon-separated excerpts; may be paraphrase, expansion, or invention. Requires semantic review."
"fragmented_quote","major-arcana.json","128","major-02","reversed","shadow","EMO","-1","bí mật, điều chưa được nói ra","Thiếu minh bạch, tạo ra sự nghi kỵ và ngột ngạt.","Every comma/semicolon-separated fragment occurs in source; whole quote is not contiguous."
"fragmented_quote","major-arcana.json","128","major-02","reversed","shadow","INT","-2","phớt lờ trực giác, cản trở trực giác","Cắt đứt hoàn toàn liên kết với linh cảm và sự thật bên trong.","Every comma/semicolon-separated fragment occurs in source; whole quote is not contiguous."
"fragmented_quote","major-arcana.json","153","major-03","upright","core","ACT","1","chăm sóc, nuôi dưỡng","Hành động chăm sóc tỉ mỉ, kiên trì nuôi nấng tiến trình.","Every comma/semicolon-separated fragment occurs in source; whole quote is not contiguous."
"fragmented_quote","major-arcana.json","153","major-03","upright","core","EMO","2","cảm nhận, nuôi dưỡng, chăm sóc","Tình yêu thương dạt dào, đồng cảm và bao dung tuyệt đối.","Every comma/semicolon-separated fragment occurs in source; whole quote is not contiguous."
"fragmented_quote","major-arcana.json","153","major-03","upright","core","INT","1","sáng tạo, cảm nhận","Nhạy bén với vẻ đẹp và năng lượng sinh sôi.","Every comma/semicolon-separated fragment occurs in source; whole quote is not contiguous."
"quote_not_found","major-arcana.json","153","major-03","upright","shadow","RSK","-1","an toàn","Bám lấy sự tiện nghi mà ngại thay đổi.","Not exact or fully supported comma/semicolon-separated excerpts; may be paraphrase, expansion, or invention. Requires semantic review."
"quote_not_found","major-arcana.json","178","major-03","reversed","core","EMO","1","quay về nhu cầu của mình","Nhận ra giá trị tình thương dành cho chính mình.","Not exact or fully supported comma/semicolon-separated excerpts; may be paraphrase, expansion, or invention. Requires semantic review."
"quote_not_found","major-arcana.json","178","major-03","reversed","core","STR","1","đặt lại ranh giới","Thiết lập lại ranh giới cho - nhận lành mạnh.","Not exact or fully supported comma/semicolon-separated excerpts; may be paraphrase, expansion, or invention. Requires semantic review."
"quote_not_found","major-arcana.json","178","major-03","reversed","core","INT","1","lắng nghe nhu cầu bản thân","Thấu suốt tình trạng kiệt quệ để tự chữa lành.","Not exact or fully supported comma/semicolon-separated excerpts; may be paraphrase, expansion, or invention. Requires semantic review."
"fragmented_quote","major-arcana.json","178","major-03","reversed","shadow","EMO","-2","phụ thuộc, bỏ quên bản thân, trao quá nhiều","Bỏ quên bản thân, lệ thuộc cảm xúc hoặc thao túng bằng sự hy sinh.","Every comma/semicolon-separated fragment occurs in source; whole quote is not contiguous."
"quote_not_found","major-arcana.json","178","major-03","reversed","shadow","STR","-1","thiếu ranh giới","Để người khác xâm lấn không gian sống và năng lượng.","Not exact or fully supported comma/semicolon-separated excerpts; may be paraphrase, expansion, or invention. Requires semantic review."
"quote_not_found","major-arcana.json","178","major-03","reversed","shadow","RSK","-1","sợ mất mát","Dung túng sự phụ thuộc vì sợ bị bỏ rơi.","Not exact or fully supported comma/semicolon-separated excerpts; may be paraphrase, expansion, or invention. Requires semantic review."
"fragmented_quote","major-arcana.json","203","major-04","upright","core","ACT","2","tiến triển, lãnh đạo","Hành động quyết đoán với tư cách người dẫn đầu chịu trách nhiệm.","Every comma/semicolon-separated fragment occurs in source; whole quote is not contiguous."
"fragmented_quote","major-arcana.json","203","major-04","upright","core","STR","2","cấu trúc, ổn định, ranh giới rõ ràng, kế hoạch","Đỉnh cao của trật tự, kỷ luật, khuôn khổ và sự kiên cố.","Every comma/semicolon-separated fragment occurs in source; whole quote is not contiguous."
"quote_not_found","major-arcana.json","203","major-04","upright","shadow","EMO","-2","khô cứng","Thiếu thấu cảm, cư xử sắt đá và lạnh lùng.","Not exact or fully supported comma/semicolon-separated excerpts; may be paraphrase, expansion, or invention. Requires semantic review."
"quote_not_found","major-arcana.json","203","major-04","upright","shadow","RSK","-1","duy trì ổn định","Ngại thay đổi vì sợ làm lung lay trật tự hiện hữu.","Not exact or fully supported comma/semicolon-separated excerpts; may be paraphrase, expansion, or invention. Requires semantic review."
"fragmented_quote","major-arcana.json","228","major-04","reversed","core","STR","1","cần cân bằng, nền nếp","Nhận ra nhu cầu tái thiết trật tự một cách hợp lý.","Every comma/semicolon-separated fragment occurs in source; whole quote is not contiguous."
"quote_not_found","major-arcana.json","228","major-04","reversed","core","INT","1","nhận ra lực cản","Chiêm nghiệm để tháo gỡ điểm nghẽn do cái tôi độc đoán.","Not exact or fully supported comma/semicolon-separated excerpts; may be paraphrase, expansion, or invention. Requires semantic review."
"quote_not_found","major-arcana.json","228","major-04","reversed","shadow","RSK","-1","sợ mất kiểm soát","Hoảng loạn khi mọi việc không diễn ra đúng ý muốn.","Not exact or fully supported comma/semicolon-separated excerpts; may be paraphrase, expansion, or invention. Requires semantic review."
"quote_not_found","major-arcana.json","228","major-04","reversed","shadow","INT","-1","mù quáng quyền lực","Mất sáng suốt do say men quyền lực hoặc sự bất lực.","Not exact or fully supported comma/semicolon-separated excerpts; may be paraphrase, expansion, or invention. Requires semantic review."
"fragmented_quote","major-arcana.json","253","major-05","upright","core","ACT","1","tiến lên, học hỏi","Tiến lên bằng cách noi theo sự dẫn dắt có phương pháp.","Every comma/semicolon-separated fragment occurs in source; whole quote is not contiguous."
"fragmented_quote","major-arcana.json","253","major-05","upright","core","EMO","1","chỉ dẫn, người hướng dẫn","Gắn kết dựa trên giá trị đạo đức và sự tôn trọng người thầy.","Every comma/semicolon-separated fragment occurs in source; whole quote is not contiguous."
"fragmented_quote","major-arcana.json","253","major-05","upright","core","STR","2","truyền thống, hệ thống đáng tin, giá trị lâu bền","Tôn trọng tuyệt đối chuẩn mực, quy chuẩn và giá trị truyền thống.","Every comma/semicolon-separated fragment occurs in source; whole quote is not contiguous."
"fragmented_quote","major-arcana.json","253","major-05","upright","core","INT","1","học hỏi, giá trị lâu bền","Tiếp thu tri thức và minh triết từ các bậc tiền bối.","Every comma/semicolon-separated fragment occurs in source; whole quote is not contiguous."
"quote_not_found","major-arcana.json","253","major-05","upright","shadow","RSK","-2","bám truyền thống","Bảo thủ, cự tuyệt hoàn toàn những cách làm mới.","Not exact or fully supported comma/semicolon-separated excerpts; may be paraphrase, expansion, or invention. Requires semantic review."
"quote_not_found","major-arcana.json","253","major-05","upright","shadow","INT","-1","tuân thủ thụ động","Tin theo người khác mà thiếu tư duy phản biện cá nhân.","Not exact or fully supported comma/semicolon-separated excerpts; may be paraphrase, expansion, or invention. Requires semantic review."
"fragmented_quote","major-arcana.json","278","major-05","reversed","core","ACT","1","phá khuôn, chọn niềm tin thực sự","Hành động giải phóng bản thân khỏi các lề thói cũ.","Every comma/semicolon-separated fragment occurs in source; whole quote is not contiguous."
"quote_not_found","major-arcana.json","278","major-05","reversed","core","INT","2","xem lại thói quen, niềm tin thực sự","Thức tỉnh nhận thức, tự xây dựng hệ giá trị cho chính mình.","Not exact or fully supported comma/semicolon-separated excerpts; may be paraphrase, expansion, or invention. Requires semantic review."
"quote_not_found","major-arcana.json","278","major-05","reversed","shadow","STR","-2","phá vỡ vô lối","Nổi loạn mù quáng, phá hủy cấu trúc lành mạnh.","Not exact or fully supported comma/semicolon-separated excerpts; may be paraphrase, expansion, or invention. Requires semantic review."
"quote_not_found","major-arcana.json","278","major-05","reversed","shadow","RSK","1","nổi loạn","Thích đối đầu chỉ để chứng tỏ sự khác biệt.","Not exact or fully supported comma/semicolon-separated excerpts; may be paraphrase, expansion, or invention. Requires semantic review."
"quote_not_found","major-arcana.json","278","major-05","reversed","shadow","INT","-1","giáo điều cực đoan","Chống đối mù quáng thay vì lắng nghe sự thật.","Not exact or fully supported comma/semicolon-separated excerpts; may be paraphrase, expansion, or invention. Requires semantic review."
"fragmented_quote","major-arcana.json","303","major-06","upright","core","EMO","2","kết nối, hòa hợp, thành thật","Hòa hợp tuyệt đối về cảm xúc, chân thành và gắn bó.","Every comma/semicolon-separated fragment occurs in source; whole quote is not contiguous."
"fragmented_quote","major-arcana.json","303","major-06","upright","core","STR","1","đúng giá trị, sự thành thật","Tuân thủ các nguyên tắc đạo đức và giá trị cốt lõi.","Every comma/semicolon-separated fragment occurs in source; whole quote is not contiguous."
"quote_not_found","major-arcana.json","303","major-06","upright","shadow","ACT","-1","lựa chọn khó","Do dự giữa các ngã rẽ tình cảm hoặc nghĩa vụ.","Not exact or fully supported comma/semicolon-separated excerpts; may be paraphrase, expansion, or invention. Requires semantic review."
"quote_not_found","major-arcana.json","303","major-06","upright","shadow","EMO","1","say đắm","Dễ bị cảm xúc lấn át lý trí trong việc ra quyết định.","Not exact or fully supported comma/semicolon-separated excerpts; may be paraphrase, expansion, or invention. Requires semantic review."
"quote_not_found","major-arcana.json","303","major-06","upright","shadow","RSK","-1","sợ cam kết","Ngại đối mặt với hệ quả của sự lựa chọn.","Not exact or fully supported comma/semicolon-separated excerpts; may be paraphrase, expansion, or invention. Requires semantic review."
"quote_not_found","major-arcana.json","328","major-06","reversed","core","EMO","1","đối thoại chân thành","Dũng cảm đối mặt với khác biệt để tìm lại sự cảm thông.","Not exact or fully supported comma/semicolon-separated excerpts; may be paraphrase, expansion, or invention. Requires semantic review."
"quote_not_found","major-arcana.json","328","major-06","reversed","core","RSK","1","đối mặt sự thật","Dám thừa nhận vết nứt để sửa chữa hoặc buông tay.","Not exact or fully supported comma/semicolon-separated excerpts; may be paraphrase, expansion, or invention. Requires semantic review."
"quote_not_found","major-arcana.json","328","major-06","reversed","core","INT","1","nhìn ra khác biệt cốt lõi","Nhìn nhận khách quan, không tự lừa dối bản thân.","Not exact or fully supported comma/semicolon-separated excerpts; may be paraphrase, expansion, or invention. Requires semantic review."
"quote_not_found","major-arcana.json","328","major-06","reversed","shadow","ACT","-1","lựa chọn khó, trốn tránh","Né tránh quyết định, kéo dài tình trạng dùng dằng.","Not exact or fully supported comma/semicolon-separated excerpts; may be paraphrase, expansion, or invention. Requires semantic review."
"fragmented_quote","major-arcana.json","328","major-06","reversed","shadow","EMO","-2","bất hòa, lệch giá trị","Xung đột tình cảm sâu sắc, cảm giác phản bội hoặc xa cách.","Every comma/semicolon-separated fragment occurs in source; whole quote is not contiguous."
"quote_not_found","major-arcana.json","328","major-06","reversed","shadow","STR","-1","thiếu trách nhiệm","Đổ lỗi cho đối phương thay vì chịu trách nhiệm.","Not exact or fully supported comma/semicolon-separated excerpts; may be paraphrase, expansion, or invention. Requires semantic review."
"quote_not_found","major-arcana.json","328","major-06","reversed","shadow","RSK","-1","sợ đổ vỡ","Bám lấy vẻ ngoài hấp dẫn dù bên trong đã mục rỗng.","Not exact or fully supported comma/semicolon-separated excerpts; may be paraphrase, expansion, or invention. Requires semantic review."
"quote_not_found","major-arcana.json","328","major-06","reversed","shadow","INT","-1","tự huyễn hoặc","Để cảm xúc nhất thời làm mờ mắt trước những khác biệt cốt lõi.","Not exact or fully supported comma/semicolon-separated excerpts; may be paraphrase, expansion, or invention. Requires semantic review."
"fragmented_quote","major-arcana.json","353","major-07","upright","core","ACT","2","tiến nhanh, quyết tâm, tiến lên","Hành động thần tốc, tiến công dũng mãnh hướng về mục tiêu.","Every comma/semicolon-separated fragment occurs in source; whole quote is not contiguous."
"fragmented_quote","major-arcana.json","353","major-07","upright","core","STR","2","thống nhất mục tiêu, điều khiển những lực kéo","Làm chủ kỷ luật bản thân, điều hòa mâu thuẫn dưới một mệnh lệnh thống nhất.","Every comma/semicolon-separated fragment occurs in source; whole quote is not contiguous."
"quote_not_found","major-arcana.json","353","major-07","upright","core","RSK","2","quyết tâm tiến nhanh","Không ngại chướng ngại vật, sẵn sàng vượt qua mọi trở lực.","Not exact or fully supported comma/semicolon-separated excerpts; may be paraphrase, expansion, or invention. Requires semantic review."
"quote_not_found","major-arcana.json","353","major-07","upright","shadow","ACT","2","tiến quá nhanh","Hành động hiếu thắng, có thể giẫm đạp lên giới hạn khác.","Not exact or fully supported comma/semicolon-separated excerpts; may be paraphrase, expansion, or invention. Requires semantic review."
"quote_not_found","major-arcana.json","353","major-07","upright","shadow","EMO","-1","khắc nghiệt","Quá cứng rắn, đàn áp cảm xúc mềm yếu của bản thân và người khác.","Not exact or fully supported comma/semicolon-separated excerpts; may be paraphrase, expansion, or invention. Requires semantic review."
"quote_not_found","major-arcana.json","353","major-07","upright","shadow","STR","1","kiểm soát","Căng thẳng tột độ vì luôn phải gồng mình nắm giữ dây cương.","Not exact or fully supported comma/semicolon-separated excerpts; may be paraphrase, expansion, or invention. Requires semantic review."
"quote_not_found","major-arcana.json","353","major-07","upright","shadow","RSK","1","lao về phía trước","Bỏ qua các cảnh báo an toàn trên đường đi.","Not exact or fully supported comma/semicolon-separated excerpts; may be paraphrase, expansion, or invention. Requires semantic review."
"quote_not_found","major-arcana.json","378","major-07","reversed","core","RSK","-1","tránh lao dốc","Ý thức được nguy cơ sụp đổ nếu tiếp tục mù quáng.","Not exact or fully supported comma/semicolon-separated excerpts; may be paraphrase, expansion, or invention. Requires semantic review."
"quote_not_found","major-arcana.json","378","major-07","reversed","core","INT","1","nhận ra sự kéo xé nội tâm","Tự soi rọi lại xung đột ý chí nội bộ.","Not exact or fully supported comma/semicolon-separated excerpts; may be paraphrase, expansion, or invention. Requires semantic review."
"quote_not_found","major-arcana.json","378","major-07","reversed","shadow","EMO","-1","bất an, giận dữ","Bực bội, mất bình tĩnh khi mất quyền điều khiển.","Not exact or fully supported comma/semicolon-separated excerpts; may be paraphrase, expansion, or invention. Requires semantic review."
"fragmented_quote","major-arcana.json","378","major-07","reversed","shadow","STR","-2","thiếu kiểm soát, mất hướng","Cỗ xe chệch đường ray, cấu trúc điều hành sụp đổ.","Every comma/semicolon-separated fragment occurs in source; whole quote is not contiguous."
"quote_not_found","major-arcana.json","378","major-07","reversed","shadow","INT","-1","mất phương hướng","Đui mù trước các dấu hiệu cảnh báo của trực giác.","Not exact or fully supported comma/semicolon-separated excerpts; may be paraphrase, expansion, or invention. Requires semantic review."
"fragmented_quote","major-arcana.json","403","major-08","upright","core","EMO","2","dịu dàng, kiên nhẫn","Tình thương và lòng trắc ẩn chế ngự được sự hung dữ.","Every comma/semicolon-separated fragment occurs in source; whole quote is not contiguous."
"fragmented_quote","major-arcana.json","403","major-08","upright","core","STR","1","làm chủ, bình tĩnh","Kỷ luật nội tâm cao độ, kiểm soát cơn bốc đồng.","Every comma/semicolon-separated fragment occurs in source; whole quote is not contiguous."
"fragmented_quote","major-arcana.json","403","major-08","upright","core","RSK","2","dũng khí, nội lực","Can trường đối mặt với nỗi sợ và hiểm nguy mà không cần vũ lực thô thiển.","Every comma/semicolon-separated fragment occurs in source; whole quote is not contiguous."
"quote_not_found","major-arcana.json","403","major-08","upright","shadow","EMO","1","nhẫn nhịn","Có thể nén nhịn quá mức dẫn đến uất ức ngầm.","Not exact or fully supported comma/semicolon-separated excerpts; may be paraphrase, expansion, or invention. Requires semantic review."
"quote_not_found","major-arcana.json","403","major-08","upright","shadow","STR","1","kiềm chế","Gồng gánh kiểm soát bản thân tới mức căng thẳng.","Not exact or fully supported comma/semicolon-separated excerpts; may be paraphrase, expansion, or invention. Requires semantic review."
"quote_not_found","major-arcana.json","428","major-08","reversed","core","INT","1","nhận ra sự phóng đại khó khăn","Nhìn thấu tâm lý bất an đang phóng đại vấn đề.","Not exact or fully supported comma/semicolon-separated excerpts; may be paraphrase, expansion, or invention. Requires semantic review."
"quote_not_found","major-arcana.json","428","major-08","reversed","shadow","ACT","-1","phản ứng mạnh, cạn kiệt","Bộc phát cảm xúc giận dữ vô cớ hoặc buông xuôi kiệt sức.","Not exact or fully supported comma/semicolon-separated excerpts; may be paraphrase, expansion, or invention. Requires semantic review."
"quote_not_found","major-arcana.json","428","major-08","reversed","shadow","EMO","-2","tự nghi ngờ, cay đắng","Mất niềm tin vào bản thân, tự dằn vặt độc hại.","Not exact or fully supported comma/semicolon-separated excerpts; may be paraphrase, expansion, or invention. Requires semantic review."
"quote_not_found","major-arcana.json","428","major-08","reversed","shadow","STR","-1","mất kiểm soát phản ứng","Không còn giữ được kỷ luật kiểm soát cảm xúc.","Not exact or fully supported comma/semicolon-separated excerpts; may be paraphrase, expansion, or invention. Requires semantic review."
"quote_not_found","major-arcana.json","428","major-08","reversed","shadow","RSK","-2","tự nghi ngờ, sợ hãi","Hèn nhát, tự ti, đầu hàng trước nghịch cảnh vì nghĩ mình yếu đuối.","Not exact or fully supported comma/semicolon-separated excerpts; may be paraphrase, expansion, or invention. Requires semantic review."
"fragmented_quote","major-arcana.json","453","major-09","upright","core","INT","2","chiêm nghiệm, tìm kiếm, câu trả lời","Đỉnh cao của sự tự vấn và thắp sáng trí tuệ nội tâm.","Every comma/semicolon-separated fragment occurs in source; whole quote is not contiguous."
"quote_not_found","major-arcana.json","453","major-09","upright","shadow","ACT","-2","ẩn dật","Thu mình quá lâu, né tránh thế giới thực.","Not exact or fully supported comma/semicolon-separated excerpts; may be paraphrase, expansion, or invention. Requires semantic review."
"quote_not_found","major-arcana.json","453","major-09","upright","shadow","RSK","-1","ngại tiếng ồn","Sợ va chạm với sự ồn ào của đời thường.","Not exact or fully supported comma/semicolon-separated excerpts; may be paraphrase, expansion, or invention. Requires semantic review."
"quote_not_found","major-arcana.json","453","major-09","upright","shadow","INT","1","triết lý","Có thể rơi vào bẫy tự cô lập trong tháp ngà lý thuyết.","Not exact or fully supported comma/semicolon-separated excerpts; may be paraphrase, expansion, or invention. Requires semantic review."
"quote_not_found","major-arcana.json","478","major-09","reversed","core","ACT","1","tìm điểm tựa, bước ra","Mở lời tìm kiếm sự giúp đỡ từ người khác.","Not exact or fully supported comma/semicolon-separated excerpts; may be paraphrase, expansion, or invention. Requires semantic review."
"quote_not_found","major-arcana.json","478","major-09","reversed","core","EMO","1","kết nối lại","Sẵn sàng đón nhận tình thương và sự hỗ trợ.","Not exact or fully supported comma/semicolon-separated excerpts; may be paraphrase, expansion, or invention. Requires semantic review."
"quote_not_found","major-arcana.json","478","major-09","reversed","core","RSK","1","dám chia sẻ gánh nặng","Can đảm vượt qua sự kiêu hãnh để nhờ cậy người khác.","Not exact or fully supported comma/semicolon-separated excerpts; may be paraphrase, expansion, or invention. Requires semantic review."
"quote_not_found","major-arcana.json","478","major-09","reversed","core","INT","1","nhận ra sự cô lập","Thức tỉnh rằng sự cô đơn đang trở thành ngục tù.","Not exact or fully supported comma/semicolon-separated excerpts; may be paraphrase, expansion, or invention. Requires semantic review."
"fragmented_quote","major-arcana.json","478","major-09","reversed","shadow","EMO","-2","cô lập, mất kết nối","Cắt đứt liên lạc, chìm trong cảm giác cô đơn cay đắng.","Every comma/semicolon-separated fragment occurs in source; whole quote is not contiguous."
"quote_not_found","major-arcana.json","478","major-09","reversed","shadow","RSK","-2","sợ kết nối","Khép chặt cánh cửa lòng vì sợ bị tổn thương.","Not exact or fully supported comma/semicolon-separated excerpts; may be paraphrase, expansion, or invention. Requires semantic review."
"quote_not_found","major-arcana.json","478","major-09","reversed","shadow","INT","-1","quẩn quanh trong suy nghĩ","Trực giác bị bóp nghẹt bởi suy nghĩ luẩn quẩn tiêu cực.","Not exact or fully supported comma/semicolon-separated excerpts; may be paraphrase, expansion, or invention. Requires semantic review."
"quote_not_found","major-arcana.json","503","major-10","upright","core","STR","0","thích nghi, chu kỳ chuyển","Linh hoạt uyển chuyển, không bám chấp cứng nhắc vào trật tự cũ.","Not exact or fully supported comma/semicolon-separated excerpts; may be paraphrase, expansion, or invention. Requires semantic review."
"quote_not_found","major-arcana.json","503","major-10","upright","core","INT","2","chu kỳ, nhận biết thời thế","Nhận thức sâu sắc về quy luật nhân quả và dòng chảy số phận.","Not exact or fully supported comma/semicolon-separated excerpts; may be paraphrase, expansion, or invention. Requires semantic review."
"quote_not_found","major-arcana.json","503","major-10","upright","shadow","ACT","0","chờ thời","Có thể ỷ lại vào số phận mà thiếu nỗ lực cá nhân.","Not exact or fully supported comma/semicolon-separated excerpts; may be paraphrase, expansion, or invention. Requires semantic review."
"quote_not_found","major-arcana.json","503","major-10","upright","shadow","STR","-1","biến động","Khó duy trì sự ổn định dài hạn trước các luồng gió mới.","Not exact or fully supported comma/semicolon-separated excerpts; may be paraphrase, expansion, or invention. Requires semantic review."
"quote_not_found","major-arcana.json","503","major-10","upright","shadow","RSK","1","liều lĩnh theo vận may","Đánh bạc với số phận thay vì hành động cẩn trọng.","Not exact or fully supported comma/semicolon-separated excerpts; may be paraphrase, expansion, or invention. Requires semantic review."
"quote_not_found","major-arcana.json","528","major-10","reversed","core","ACT","0","nhận ra sự lặp lại","Ý thức được vòng lặp vô bổ để ngừng hành động sai lầm.","Not exact or fully supported comma/semicolon-separated excerpts; may be paraphrase, expansion, or invention. Requires semantic review."
"quote_not_found","major-arcana.json","528","major-10","reversed","core","RSK","1","dám thay đổi","Buông bỏ sự chống cự vô ích để thuận dòng.","Not exact or fully supported comma/semicolon-separated excerpts; may be paraphrase, expansion, or invention. Requires semantic review."
"quote_not_found","major-arcana.json","528","major-10","reversed","core","INT","2","nhận ra mẫu cũ lặp lại","Trực giác sáng tỏ phát hiện ra các bẫy nghiệp quả lặp lại.","Not exact or fully supported comma/semicolon-separated excerpts; may be paraphrase, expansion, or invention. Requires semantic review."
"quote_not_found","major-arcana.json","528","major-10","reversed","shadow","EMO","-1","thất vọng","Oán trách hoàn cảnh khi mọi việc không như ý.","Not exact or fully supported comma/semicolon-separated excerpts; may be paraphrase, expansion, or invention. Requires semantic review."
"quote_not_found","major-arcana.json","528","major-10","reversed","shadow","STR","-1","mẫu cũ lặp lại","Mắc kẹt trong lối mòn tư duy xơ cứng.","Not exact or fully supported comma/semicolon-separated excerpts; may be paraphrase, expansion, or invention. Requires semantic review."
"quote_not_found","major-arcana.json","528","major-10","reversed","shadow","INT","-1","mù mờ nhân quả","Không nhận ra bài học số phận đang muốn dạy mình.","Not exact or fully supported comma/semicolon-separated excerpts; may be paraphrase, expansion, or invention. Requires semantic review."
"fragmented_quote","major-arcana.json","553","major-11","upright","core","STR","2","sự thật, cân bằng, trách nhiệm, dữ kiện","Đỉnh cao của sự chuẩn xác, luật lệ, tính minh bạch và công bằng.","Every comma/semicolon-separated fragment occurs in source; whole quote is not contiguous."
"quote_not_found","major-arcana.json","553","major-11","upright","core","INT","1","nhìn ra sự thật","Sáng suốt phân định đúng sai không bị ảo tưởng che mờ.","Not exact or fully supported comma/semicolon-separated excerpts; may be paraphrase, expansion, or invention. Requires semantic review."
"quote_not_found","major-arcana.json","553","major-11","upright","shadow","EMO","-1","khắt khe","Có thể trở nên quá phán xét, thiếu tình người.","Not exact or fully supported comma/semicolon-separated excerpts; may be paraphrase, expansion, or invention. Requires semantic review."
"quote_not_found","major-arcana.json","553","major-11","upright","shadow","STR","2","nguyên tắc","Rập khuôn nguyên tắc mà thiếu đi sự linh hoạt xót thương.","Not exact or fully supported comma/semicolon-separated excerpts; may be paraphrase, expansion, or invention. Requires semantic review."
"quote_not_found","major-arcana.json","553","major-11","upright","shadow","RSK","-1","chờ đủ dữ kiện","Ngần ngại quyết định nếu chưa có sự chắc chắn 100%.","Not exact or fully supported comma/semicolon-separated excerpts; may be paraphrase, expansion, or invention. Requires semantic review."
"quote_not_found","major-arcana.json","578","major-11","reversed","core","ACT","0","đối diện hậu quả","Dừng hành vi né tránh để chuẩn bị chịu trách nhiệm.","Not exact or fully supported comma/semicolon-separated excerpts; may be paraphrase, expansion, or invention. Requires semantic review."
"quote_not_found","major-arcana.json","578","major-11","reversed","core","STR","1","lấy lại cân bằng","Nhận ra sự sai lệch để từng bước lập lại trật tự.","Not exact or fully supported comma/semicolon-separated excerpts; may be paraphrase, expansion, or invention. Requires semantic review."
"quote_not_found","major-arcana.json","578","major-11","reversed","core","RSK","1","chấp nhận sự thật","Dũng cảm thừa nhận sai lầm cá nhân.","Not exact or fully supported comma/semicolon-separated excerpts; may be paraphrase, expansion, or invention. Requires semantic review."
"quote_not_found","major-arcana.json","578","major-11","reversed","core","INT","1","nhìn thấy sự thiên vị","Tự phản tỉnh về định kiến của chính mình.","Not exact or fully supported comma/semicolon-separated excerpts; may be paraphrase, expansion, or invention. Requires semantic review."
"fragmented_quote","major-arcana.json","578","major-11","reversed","shadow","EMO","-1","thiên lệch, bất công","Bênh vực mù quáng, gây tổn thương cho người vô tội.","Every comma/semicolon-separated fragment occurs in source; whole quote is not contiguous."
"fragmented_quote","major-arcana.json","578","major-11","reversed","shadow","STR","-2","mất cân bằng, bất công","Bẻ cong quy tắc, gian lận hoặc phá vỡ tính chính trực.","Every comma/semicolon-separated fragment occurs in source; whole quote is not contiguous."
"quote_not_found","major-arcana.json","578","major-11","reversed","shadow","RSK","-1","sợ đối diện hậu quả","Hèn nhát bao biện để trốn tội.","Not exact or fully supported comma/semicolon-separated excerpts; may be paraphrase, expansion, or invention. Requires semantic review."
"quote_not_found","major-arcana.json","578","major-11","reversed","shadow","INT","-2","định kiến che mờ sự thật","Tự lừa dối mình và bóp méo sự thật trắng đen.","Not exact or fully supported comma/semicolon-separated excerpts; may be paraphrase, expansion, or invention. Requires semantic review."
"quote_not_found","major-arcana.json","603","major-12","upright","core","STR","-1","đảo ngược góc nhìn","Phá bỏ các khuôn khổ cũ kỹ để nhìn thế giới ngược lại.","Not exact or fully supported comma/semicolon-separated excerpts; may be paraphrase, expansion, or invention. Requires semantic review."
"quote_not_found","major-arcana.json","603","major-12","upright","core","RSK","1","chấp nhận treo ngược","Dám chịu đựng cảm giác bất tiện để đạt giác ngộ.","Not exact or fully supported comma/semicolon-separated excerpts; may be paraphrase, expansion, or invention. Requires semantic review."
"fragmented_quote","major-arcana.json","603","major-12","upright","core","INT","2","góc nhìn mới, mở nút thắt","Đột phá nhận thức sâu sắc nhờ nhìn nhận từ góc độ hoàn toàn khác.","Every comma/semicolon-separated fragment occurs in source; whole quote is not contiguous."
"quote_not_found","major-arcana.json","603","major-12","upright","shadow","ACT","-2","treo lơ lửng","Bất động kéo dài thành tê liệt thụ động.","Not exact or fully supported comma/semicolon-separated excerpts; may be paraphrase, expansion, or invention. Requires semantic review."
"quote_not_found","major-arcana.json","603","major-12","upright","shadow","STR","-1","trì trệ kế hoạch","Kế hoạch thực tế bị đình trệ vô thời hạn.","Not exact or fully supported comma/semicolon-separated excerpts; may be paraphrase, expansion, or invention. Requires semantic review."
"quote_not_found","major-arcana.json","603","major-12","upright","shadow","RSK","-1","ngại hành động","Lấy cớ chiêm nghiệm để né tránh quyết định thực tế.","Not exact or fully supported comma/semicolon-separated excerpts; may be paraphrase, expansion, or invention. Requires semantic review."
"quote_not_found","major-arcana.json","603","major-12","upright","shadow","INT","1","suy tư quá độ","Kẹt trong suy tưởng mà không đem lại giải pháp thực tiễn.","Not exact or fully supported comma/semicolon-separated excerpts; may be paraphrase, expansion, or invention. Requires semantic review."
"fragmented_quote","major-arcana.json","628","major-12","reversed","core","ACT","1","thay đổi cách tiếp cận, đặt giới hạn","Bắt đầu cử động lại, bước xuống khỏi sợi dây treo để hành động.","Every comma/semicolon-separated fragment occurs in source; whole quote is not contiguous."
"quote_not_found","major-arcana.json","628","major-12","reversed","core","EMO","1","chấm dứt hy sinh vô ích","Ngừng chịu đựng vô nghĩa, biết yêu thương quyền lợi bản thân.","Not exact or fully supported comma/semicolon-separated excerpts; may be paraphrase, expansion, or invention. Requires semantic review."
"quote_not_found","major-arcana.json","628","major-12","reversed","core","RSK","1","chấm dứt sự mắc kẹt","Dũng cảm từ bỏ vai trò nạn nhân để bước tiếp.","Not exact or fully supported comma/semicolon-separated excerpts; may be paraphrase, expansion, or invention. Requires semantic review."
"quote_not_found","major-arcana.json","628","major-12","reversed","core","INT","1","nhận ra sự vô ích","Nhận ra sự chờ đợi thụ động không còn đem lại giá trị.","Not exact or fully supported comma/semicolon-separated excerpts; may be paraphrase, expansion, or invention. Requires semantic review."
"quote_not_found","major-arcana.json","628","major-12","reversed","shadow","STR","-1","thiếu ranh giới","Để bản thân bị lợi dụng kéo dài.","Not exact or fully supported comma/semicolon-separated excerpts; may be paraphrase, expansion, or invention. Requires semantic review."
"quote_not_found","major-arcana.json","628","major-12","reversed","shadow","RSK","-2","sợ cắt dây","Sợ thay đổi tới mức cam chịu sự bế tắc quen thuộc.","Not exact or fully supported comma/semicolon-separated excerpts; may be paraphrase, expansion, or invention. Requires semantic review."
"quote_not_found","major-arcana.json","628","major-12","reversed","shadow","INT","-1","mê muội trong đau khổ","Không nhìn thấy lối ra dù dây trói vốn đã lỏng.","Not exact or fully supported comma/semicolon-separated excerpts; may be paraphrase, expansion, or invention. Requires semantic review."
"fragmented_quote","major-arcana.json","653","major-13","upright","core","ACT","1","chuyển hóa, khép lại","Chủ động dọn dẹp cái cũ để dọn đường cho mầm sống mới.","Every comma/semicolon-separated fragment occurs in source; whole quote is not contiguous."
"quote_not_found","major-arcana.json","653","major-13","upright","core","EMO","0","khép lại tự nhiên","Điềm tĩnh chấp nhận quy luật chia ly tự nhiên.","Not exact or fully supported comma/semicolon-separated excerpts; may be paraphrase, expansion, or invention. Requires semantic review."
"quote_not_found","major-arcana.json","653","major-13","upright","core","STR","-1","kết thúc giai đoạn cũ","Phá bỏ cấu trúc đã hết hạn sử dụng để tái thiết.","Not exact or fully supported comma/semicolon-separated excerpts; may be paraphrase, expansion, or invention. Requires semantic review."
"fragmented_quote","major-arcana.json","653","major-13","upright","core","RSK","2","tái sinh, chuyển hóa","Dũng khí phi thường để buông bỏ hoàn toàn vùng an toàn.","Every comma/semicolon-separated fragment occurs in source; whole quote is not contiguous."
"quote_not_found","major-arcana.json","653","major-13","upright","core","INT","2","chuyển hóa, nhận thức quy luật","Thấu suốt quy luật tuần hoàn sinh - diệt của vũ trụ.","Not exact or fully supported comma/semicolon-separated excerpts; may be paraphrase, expansion, or invention. Requires semantic review."
"quote_not_found","major-arcana.json","653","major-13","upright","shadow","EMO","-1","tiếc nuối","Nỗi buồn sâu sắc khi phải vĩnh biệt những điều thân thuộc.","Not exact or fully supported comma/semicolon-separated excerpts; may be paraphrase, expansion, or invention. Requires semantic review."
"quote_not_found","major-arcana.json","653","major-13","upright","shadow","STR","-2","sụp đổ cái cũ","Giai đoạn chuyển tiếp có thể gây hỗn loạn tạm thời.","Not exact or fully supported comma/semicolon-separated excerpts; may be paraphrase, expansion, or invention. Requires semantic review."
"quote_not_found","major-arcana.json","653","major-13","upright","shadow","RSK","1","cắt bỏ dứt khoát","Có thể quá lạnh lùng và tàn nhẫn khi rũ bỏ.","Not exact or fully supported comma/semicolon-separated excerpts; may be paraphrase, expansion, or invention. Requires semantic review."
"quote_not_found","major-arcana.json","678","major-13","reversed","core","ACT","0","nhận ra sự trì trệ","Ý thức được cái chết của mối quan hệ/công việc cũ.","Not exact or fully supported comma/semicolon-separated excerpts; may be paraphrase, expansion, or invention. Requires semantic review."
"quote_not_found","major-arcana.json","678","major-13","reversed","core","STR","1","cần khép lại","Bắt đầu thu dọn hành lý để chuẩn bị ra đi.","Not exact or fully supported comma/semicolon-separated excerpts; may be paraphrase, expansion, or invention. Requires semantic review."
"quote_not_found","major-arcana.json","678","major-13","reversed","core","RSK","1","vượt qua nỗi sợ thay đổi","Chớm hình thành dũng khí buông tay.","Not exact or fully supported comma/semicolon-separated excerpts; may be paraphrase, expansion, or invention. Requires semantic review."
"quote_not_found","major-arcana.json","678","major-13","reversed","core","INT","1","thấy điều đã hết vai trò","Nhận thức rõ ràng sự vô nghĩa của việc níu kéo.","Not exact or fully supported comma/semicolon-separated excerpts; may be paraphrase, expansion, or invention. Requires semantic review."
"quote_not_found","major-arcana.json","678","major-13","reversed","shadow","EMO","-2","bám giữ tuyệt vọng","Níu kéo đau khổ, sống chung với cái xác của quá khứ.","Not exact or fully supported comma/semicolon-separated excerpts; may be paraphrase, expansion, or invention. Requires semantic review."
"quote_not_found","major-arcana.json","678","major-13","reversed","shadow","STR","-1","duy trì hình thức rỗng","Giữ lại một cấu trúc đã chết chỉ vì sợ khoảng trống.","Not exact or fully supported comma/semicolon-separated excerpts; may be paraphrase, expansion, or invention. Requires semantic review."
"quote_not_found","major-arcana.json","678","major-13","reversed","shadow","INT","-1","ngoan cố từ chối sự thật","Bịt tai che mắt trước thực tế rằng mọi thứ đã kết thúc.","Not exact or fully supported comma/semicolon-separated excerpts; may be paraphrase, expansion, or invention. Requires semantic review."
"quote_not_found","major-arcana.json","703","major-14","upright","core","STR","1","kết hợp các phần đối lập, cân bằng","Hài hòa cấu trúc, dung hợp các mặt mâu thuẫn thành thể thống nhất.","Not exact or fully supported comma/semicolon-separated excerpts; may be paraphrase, expansion, or invention. Requires semantic review."
"fragmented_quote","major-arcana.json","703","major-14","upright","core","RSK","0","cân bằng, từ tốn","Điểm giữa hoàn hảo, không liều mạng mạo hiểm cũng không co cụm.","Every comma/semicolon-separated fragment occurs in source; whole quote is not contiguous."
"quote_not_found","major-arcana.json","703","major-14","upright","core","INT","2","điều hòa, thuật giả kim nội tâm","Trí tuệ dung hợp đỉnh cao, chuyển hóa năng lượng thô thành thanh khiết.","Not exact or fully supported comma/semicolon-separated excerpts; may be paraphrase, expansion, or invention. Requires semantic review."
"quote_not_found","major-arcana.json","703","major-14","upright","shadow","ACT","-1","quá từ tốn","Có thể chậm trễ trong các tình huống đòi hỏi quyết sách hỏa tốc.","Not exact or fully supported comma/semicolon-separated excerpts; may be paraphrase, expansion, or invention. Requires semantic review."
"quote_not_found","major-arcana.json","703","major-14","upright","shadow","EMO","0","dĩ hòa vi quý","Cố làm hài lòng mọi bên dẫn tới mất đi cá tính riêng.","Not exact or fully supported comma/semicolon-separated excerpts; may be paraphrase, expansion, or invention. Requires semantic review."
"quote_not_found","major-arcana.json","703","major-14","upright","shadow","RSK","-1","né xung đột","Tránh né đối đầu trực diện khiến vấn đề kéo dài.","Not exact or fully supported comma/semicolon-separated excerpts; may be paraphrase, expansion, or invention. Requires semantic review."
"quote_not_found","major-arcana.json","728","major-14","reversed","core","ACT","0","đưa về nhịp bền vững","Bắt đầu điều tiết lại tốc độ và nhịp sinh hoạt.","Not exact or fully supported comma/semicolon-separated excerpts; may be paraphrase, expansion, or invention. Requires semantic review."
"quote_not_found","major-arcana.json","728","major-14","reversed","core","EMO","1","hàn gắn xung đột","Nhận ra tổn thương từ việc thái quá để tìm lại sự hòa hợp.","Not exact or fully supported comma/semicolon-separated excerpts; may be paraphrase, expansion, or invention. Requires semantic review."
"quote_not_found","major-arcana.json","728","major-14","reversed","core","STR","1","tái lập tính nhất quán","Thiết lập lại thói quen điều độ và nề nếp.","Not exact or fully supported comma/semicolon-separated excerpts; may be paraphrase, expansion, or invention. Requires semantic review."
"quote_not_found","major-arcana.json","728","major-14","reversed","core","RSK","0","tránh thái quá","Kiểm soát các thôi thúc cực đoan.","Not exact or fully supported comma/semicolon-separated excerpts; may be paraphrase, expansion, or invention. Requires semantic review."
"quote_not_found","major-arcana.json","728","major-14","reversed","core","INT","1","nhận ra sự hao hụt năng lượng","Lắng nghe tín hiệu cảnh báo của cơ thể và tâm trí.","Not exact or fully supported comma/semicolon-separated excerpts; may be paraphrase, expansion, or invention. Requires semantic review."
"fragmented_quote","major-arcana.json","728","major-14","reversed","shadow","ACT","1","quá mức, mất nhịp","Hành vi hấp tấp, đảo lộn trật tự sinh học và công việc.","Every comma/semicolon-separated fragment occurs in source; whole quote is not contiguous."
"fragmented_quote","major-arcana.json","728","major-14","reversed","shadow","STR","-2","thiếu nhất quán, quá mức","Vô độ, mất kiểm soát trong chi tiêu, ăn uống hoặc cảm xúc.","Every comma/semicolon-separated fragment occurs in source; whole quote is not contiguous."
"quote_not_found","major-arcana.json","728","major-14","reversed","shadow","RSK","1","bất cẩn","Hành động thiếu suy nghĩ dẫn tới hậu quả hao tổn.","Not exact or fully supported comma/semicolon-separated excerpts; may be paraphrase, expansion, or invention. Requires semantic review."
"quote_not_found","major-arcana.json","728","major-14","reversed","shadow","INT","-1","mất kết nối nhịp sống","Không còn cảm nhận được sự hài hòa tự nhiên.","Not exact or fully supported comma/semicolon-separated excerpts; may be paraphrase, expansion, or invention. Requires semantic review."
"quote_not_found","major-arcana.json","753","major-15","upright","core","ACT","0","gọi tên điều trói buộc","Nhìn thẳng vào sự thật thay vì tiếp tục mê muội.","Not exact or fully supported comma/semicolon-separated excerpts; may be paraphrase, expansion, or invention. Requires semantic review."
"quote_not_found","major-arcana.json","753","major-15","upright","core","RSK","1","nhìn vào bóng tối","Can đảm đối diện với phần tối tăm nhất trong tâm hồn.","Not exact or fully supported comma/semicolon-separated excerpts; may be paraphrase, expansion, or invention. Requires semantic review."
"quote_not_found","major-arcana.json","753","major-15","upright","shadow","ACT","-1","bị trói buộc","Mất quyền tự chủ hành vi, hành động như con rối của thói quen xấu.","Not exact or fully supported comma/semicolon-separated excerpts; may be paraphrase, expansion, or invention. Requires semantic review."
"quote_not_found","major-arcana.json","753","major-15","upright","shadow","RSK","-2","sợ hãi không dám phá xiềng","Cam chịu nô lệ vì sợ mất đi sự thỏa mãn tức thời.","Not exact or fully supported comma/semicolon-separated excerpts; may be paraphrase, expansion, or invention. Requires semantic review."
"quote_not_found","major-arcana.json","753","major-15","upright","shadow","INT","-2","bóng tối, mê muội","Tâm trí hoàn toàn bị che khuất bởi ảo tưởng vật chất.","Not exact or fully supported comma/semicolon-separated excerpts; may be paraphrase, expansion, or invention. Requires semantic review."
"fragmented_quote","major-arcana.json","778","major-15","reversed","core","ACT","2","thoát khỏi nó bằng hành động cụ thể, phá vòng lặp","Hành động quyết liệt cắt đứt xiềng xích trói buộc.","Every comma/semicolon-separated fragment occurs in source; whole quote is not contiguous."
"quote_not_found","major-arcana.json","778","major-15","reversed","core","RSK","2","giải phóng, bứt phá","Dũng cảm bước ra khỏi vùng nghiện ngập/cám dỗ.","Not exact or fully supported comma/semicolon-separated excerpts; may be paraphrase, expansion, or invention. Requires semantic review."
"fragmented_quote","major-arcana.json","778","major-15","reversed","core","INT","2","nhận thức, nhìn thấy vòng lặp","Trực giác sáng rõ, thấu thị ảo ảnh của sự trói buộc.","Every comma/semicolon-separated fragment occurs in source; whole quote is not contiguous."
"quote_not_found","major-arcana.json","778","major-15","reversed","shadow","EMO","-1","dư chấn","Vẫn còn vết thương và sự ám ảnh từ quá khứ ràng buộc.","Not exact or fully supported comma/semicolon-separated excerpts; may be paraphrase, expansion, or invention. Requires semantic review."
"quote_not_found","major-arcana.json","778","major-15","reversed","shadow","RSK","0","tái nghiện","Nguy cơ trượt chân nếu không cảnh giác cao độ.","Not exact or fully supported comma/semicolon-separated excerpts; may be paraphrase, expansion, or invention. Requires semantic review."
"quote_not_found","major-arcana.json","803","major-16","upright","core","EMO","-1","sốc trước biến cố","Bàng hoàng, chấn động trước sự sụp đổ của niềm tin cũ.","Not exact or fully supported comma/semicolon-separated excerpts; may be paraphrase, expansion, or invention. Requires semantic review."
"quote_not_found","major-arcana.json","803","major-16","upright","core","RSK","2","đối diện thực tế trần trụi","Bị đẩy vào tình thế bắt buộc phải đón nhận rủi ro lớn nhất.","Not exact or fully supported comma/semicolon-separated excerpts; may be paraphrase, expansion, or invention. Requires semantic review."
"fragmented_quote","major-arcana.json","803","major-16","upright","core","INT","2","thức tỉnh, buộc sự thật phải được nhìn thấy","Tia chớp chân lý xé toạc màn sương dối trá, giác ngộ chấn động.","Every comma/semicolon-separated fragment occurs in source; whole quote is not contiguous."
"quote_not_found","major-arcana.json","803","major-16","upright","shadow","ACT","-1","hoảng loạn","Choáng váng, mất phương hướng hành động trong đống đổ nát.","Not exact or fully supported comma/semicolon-separated excerpts; may be paraphrase, expansion, or invention. Requires semantic review."
"quote_not_found","major-arcana.json","803","major-16","upright","shadow","EMO","-2","chấn thương tâm lý","Đau đớn tột cùng khi mất mát đột ngột.","Not exact or fully supported comma/semicolon-separated excerpts; may be paraphrase, expansion, or invention. Requires semantic review."
"quote_not_found","major-arcana.json","803","major-16","upright","shadow","STR","-2","tan hoang","Hỗn loạn hoàn toàn, mất an toàn nền tảng.","Not exact or fully supported comma/semicolon-separated excerpts; may be paraphrase, expansion, or invention. Requires semantic review."
"quote_not_found","major-arcana.json","803","major-16","upright","shadow","RSK","-1","khiếp sợ","Ám ảnh sợ hãi trước những tai họa bất ngờ.","Not exact or fully supported comma/semicolon-separated excerpts; may be paraphrase, expansion, or invention. Requires semantic review."
"quote_not_found","major-arcana.json","803","major-16","upright","shadow","INT","-1","phủ nhận sự thật","Cố bám vào tàn tích vì không chịu nổi sự thật phũ phàng.","Not exact or fully supported comma/semicolon-separated excerpts; may be paraphrase, expansion, or invention. Requires semantic review."
"quote_not_found","major-arcana.json","828","major-16","reversed","core","EMO","0","xử lý cảm xúc nội bộ","Bình tâm tiêu hóa cú sốc để chữa lành từ bên trong.","Not exact or fully supported comma/semicolon-separated excerpts; may be paraphrase, expansion, or invention. Requires semantic review."
"quote_not_found","major-arcana.json","828","major-16","reversed","core","RSK","1","chấp nhận thay đổi êm đềm","Dám thay đổi mà không cần đợi tới thảm họa thúc bách.","Not exact or fully supported comma/semicolon-separated excerpts; may be paraphrase, expansion, or invention. Requires semantic review."
"quote_not_found","major-arcana.json","828","major-16","reversed","core","INT","2","thay đổi bên trong, nhận thức","Giác ngộ sâu sắc, giải tỏa xung đột mà không cần phá hủy vật lý.","Not exact or fully supported comma/semicolon-separated excerpts; may be paraphrase, expansion, or invention. Requires semantic review."
"quote_not_found","major-arcana.json","828","major-16","reversed","shadow","EMO","-1","ngột ngạt","Căng thẳng âm ỉ như quả bom nổ chậm trong lòng.","Not exact or fully supported comma/semicolon-separated excerpts; may be paraphrase, expansion, or invention. Requires semantic review."
"quote_not_found","major-arcana.json","828","major-16","reversed","shadow","STR","-1","sống trong cấu trúc rạn nứt","Cố chấp chống đỡ một tòa nhà sắp sập.","Not exact or fully supported comma/semicolon-separated excerpts; may be paraphrase, expansion, or invention. Requires semantic review."
"quote_not_found","major-arcana.json","828","major-16","reversed","shadow","INT","-1","tự huyễn hoặc an toàn","Đóng kịch bình yên giả tạo trong khi nền móng đã rỗng.","Not exact or fully supported comma/semicolon-separated excerpts; may be paraphrase, expansion, or invention. Requires semantic review."
"fragmented_quote","major-arcana.json","853","major-17","upright","core","INT","2","sự sáng rõ, cảm hứng","Kênh dẫn linh thiêng, trực giác được thanh lọc trong trẻo tuyệt đối.","Every comma/semicolon-separated fragment occurs in source; whole quote is not contiguous."
"quote_not_found","major-arcana.json","853","major-17","upright","shadow","EMO","1","mơ mộng","Có thể quá lý tưởng hóa thực tại.","Not exact or fully supported comma/semicolon-separated excerpts; may be paraphrase, expansion, or invention. Requires semantic review."
"quote_not_found","major-arcana.json","853","major-17","upright","shadow","STR","-1","thiếu thực tế","Dễ lơ là việc lên kế hoạch thực thi chi tiết.","Not exact or fully supported comma/semicolon-separated excerpts; may be paraphrase, expansion, or invention. Requires semantic review."
"quote_not_found","major-arcana.json","853","major-17","upright","shadow","INT","1","cảm hứng bay bổng","Dễ chìm trong mộng mơ mà quên mất thực tại trần gian.","Not exact or fully supported comma/semicolon-separated excerpts; may be paraphrase, expansion, or invention. Requires semantic review."
"quote_not_found","major-arcana.json","878","major-17","reversed","core","EMO","1","nuôi lại hy vọng","Gieo lại mầm tin yêu từng chút một.","Not exact or fully supported comma/semicolon-separated excerpts; may be paraphrase, expansion, or invention. Requires semantic review."
"quote_not_found","major-arcana.json","878","major-17","reversed","core","STR","1","hành động có thể kiểm chứng","Bám vào dữ kiện thực tế để chống lại sự bi quan.","Not exact or fully supported comma/semicolon-separated excerpts; may be paraphrase, expansion, or invention. Requires semantic review."
"quote_not_found","major-arcana.json","878","major-17","reversed","core","INT","1","tìm lại bản thân","Bắt đầu kết nối lại với tiếng nói bên trong sau bão tố.","Not exact or fully supported comma/semicolon-separated excerpts; may be paraphrase, expansion, or invention. Requires semantic review."
"quote_not_found","major-arcana.json","878","major-17","reversed","shadow","ACT","-2","nản lòng, buông xuôi","Bất động vì tuyệt vọng, không còn động lực hành động.","Not exact or fully supported comma/semicolon-separated excerpts; may be paraphrase, expansion, or invention. Requires semantic review."
"fragmented_quote","major-arcana.json","878","major-17","reversed","shadow","EMO","-2","mất niềm tin, xa bản thân","Bi quan cùng cực, thấy tương lai đen tối, mất kết nối tâm hồn.","Every comma/semicolon-separated fragment occurs in source; whole quote is not contiguous."
"quote_not_found","major-arcana.json","878","major-17","reversed","shadow","STR","-1","mất phương hướng","Kế hoạch sụp đổ trong sự hoài nghi vô vọng.","Not exact or fully supported comma/semicolon-separated excerpts; may be paraphrase, expansion, or invention. Requires semantic review."
"quote_not_found","major-arcana.json","878","major-17","reversed","shadow","RSK","-2","sợ thất vọng","Không dám hy vọng vì sợ lại phải nếm mùi đau đớn.","Not exact or fully supported comma/semicolon-separated excerpts; may be paraphrase, expansion, or invention. Requires semantic review."
"quote_not_found","major-arcana.json","878","major-17","reversed","shadow","INT","-2","hy vọng bị che mờ, xa bản thân","Mất hoàn toàn niềm tin vào sự bảo trợ thiêng liêng và linh tính.","Not exact or fully supported comma/semicolon-separated excerpts; may be paraphrase, expansion, or invention. Requires semantic review."
"quote_not_found","major-arcana.json","903","major-18","upright","core","STR","0","chờ dữ kiện","Tạm dừng phán đoán cho đến khi ánh sáng soi rọi.","Not exact or fully supported comma/semicolon-separated excerpts; may be paraphrase, expansion, or invention. Requires semantic review."
"quote_not_found","major-arcana.json","903","major-18","upright","core","RSK","0","thận trọng trong bóng tối","Thận trọng dò dẫm, không liều mạng nhưng không hoảng hốt.","Not exact or fully supported comma/semicolon-separated excerpts; may be paraphrase, expansion, or invention. Requires semantic review."
"quote_not_found","major-arcana.json","903","major-18","upright","core","INT","2","tiềm thức, trực giác, phân biệt với nỗi sợ","Khai phá giấc mơ, tiềm thức và lắng nghe linh cảm ẩn giấu.","Not exact or fully supported comma/semicolon-separated excerpts; may be paraphrase, expansion, or invention. Requires semantic review."
"quote_not_found","major-arcana.json","903","major-18","upright","shadow","ACT","-1","mơ hồ, lạc lối","Hành động mò mẫm, dễ vấp ngã do thiếu tầm nhìn.","Not exact or fully supported comma/semicolon-separated excerpts; may be paraphrase, expansion, or invention. Requires semantic review."
"quote_not_found","major-arcana.json","903","major-18","upright","shadow","EMO","-2","nỗi sợ, lo âu","Bị nỗi sợ hãi từ tiềm thức và bóng ma quá khứ ám ảnh.","Not exact or fully supported comma/semicolon-separated excerpts; may be paraphrase, expansion, or invention. Requires semantic review."
"quote_not_found","major-arcana.json","903","major-18","upright","shadow","STR","-2","mơ hồ, nhầm lẫn","Mất kiểm soát lý trí, bị ảo giác dẫn dắt.","Not exact or fully supported comma/semicolon-separated excerpts; may be paraphrase, expansion, or invention. Requires semantic review."
"quote_not_found","major-arcana.json","903","major-18","upright","shadow","RSK","-2","sợ hãi bóng tối","Hoang mang, nhìn gà hóa cuốc vì bóng ma tâm lý.","Not exact or fully supported comma/semicolon-separated excerpts; may be paraphrase, expansion, or invention. Requires semantic review."
"quote_not_found","major-arcana.json","903","major-18","upright","shadow","INT","-1","lẫn lộn trực giác với ảo giác","Để nỗi sợ hãi đội lốt linh cảm bóp méo nhận thức.","Not exact or fully supported comma/semicolon-separated excerpts; may be paraphrase, expansion, or invention. Requires semantic review."
"fragmented_quote","major-arcana.json","928","major-18","reversed","core","ACT","1","màn sương đang tan, sự thật lộ ra","Bắt đầu nhìn rõ con đường để từng bước bước ra khỏi bóng tối.","Every comma/semicolon-separated fragment occurs in source; whole quote is not contiguous."
"quote_not_found","major-arcana.json","928","major-18","reversed","core","RSK","1","vượt qua sợ hãi","Dũng cảm đối diện với sự thật đằng sau bức rèm bí mật.","Not exact or fully supported comma/semicolon-separated excerpts; may be paraphrase, expansion, or invention. Requires semantic review."
"quote_not_found","major-arcana.json","928","major-18","reversed","core","INT","2","sự thật lộ ra, thanh lọc nhận thức","Phân biệt rạch ròi giữa nỗi sợ giả tạo và sự thật khách quan.","Not exact or fully supported comma/semicolon-separated excerpts; may be paraphrase, expansion, or invention. Requires semantic review."
"quote_not_found","major-arcana.json","928","major-18","reversed","shadow","EMO","-1","cảm xúc cũ bóp méo","Vẫn còn vương vấn ám ảnh tâm lý cũ chưa buông bỏ được.","Not exact or fully supported comma/semicolon-separated excerpts; may be paraphrase, expansion, or invention. Requires semantic review."
"quote_not_found","major-arcana.json","928","major-18","reversed","shadow","RSK","-1","sợ hãi tàn dư","Vẫn còn ngập ngừng e sợ trước ánh sáng ban ngày.","Not exact or fully supported comma/semicolon-separated excerpts; may be paraphrase, expansion, or invention. Requires semantic review."
"quote_not_found","major-arcana.json","928","major-18","reversed","shadow","INT","-1","bóp méo cách nhìn","Định kiến cũ vẫn cố níu giữ sự nghi ngờ vô cớ.","Not exact or fully supported comma/semicolon-separated excerpts; may be paraphrase, expansion, or invention. Requires semantic review."
"fragmented_quote","major-arcana.json","953","major-19","upright","core","ACT","2","sinh lực, xuất hiện chân thật","Hành động tràn đầy năng lượng, nhiệt huyết và tự tin rạng rỡ.","Every comma/semicolon-separated fragment occurs in source; whole quote is not contiguous."
"fragmented_quote","major-arcana.json","953","major-19","upright","core","EMO","2","niềm vui, tích cực","Hạnh phúc ngập tràn, trong sáng, ấm áp và lan tỏa tình yêu đời.","Every comma/semicolon-separated fragment occurs in source; whole quote is not contiguous."
"quote_not_found","major-arcana.json","953","major-19","upright","core","RSK","2","tự tin, xuất hiện chân thật","Tỏa sáng rực rỡ không chút ngần ngại hay sợ hãi phán xét.","Not exact or fully supported comma/semicolon-separated excerpts; may be paraphrase, expansion, or invention. Requires semantic review."
"quote_not_found","major-arcana.json","953","major-19","upright","core","INT","2","sự rõ ràng, thức tỉnh ánh sáng","Trí tuệ minh mẫn, nhận thức thuần khiết và thấu suốt mọi điều.","Not exact or fully supported comma/semicolon-separated excerpts; may be paraphrase, expansion, or invention. Requires semantic review."
"quote_not_found","major-arcana.json","953","major-19","upright","shadow","ACT","1","quá nhiều năng lượng","Có thể quá hăng hái dẫn đến kiệt sức hoặc áp đảo người khác.","Not exact or fully supported comma/semicolon-separated excerpts; may be paraphrase, expansion, or invention. Requires semantic review."
"quote_not_found","major-arcana.json","953","major-19","upright","shadow","EMO","1","quá ngây thơ","Lạc quan tếu, nhìn đời quá màu hồng.","Not exact or fully supported comma/semicolon-separated excerpts; may be paraphrase, expansion, or invention. Requires semantic review."
"quote_not_found","major-arcana.json","953","major-19","upright","shadow","RSK","1","quá tự tin","Chủ quan, xem nhẹ những chướng ngại vật thực tế.","Not exact or fully supported comma/semicolon-separated excerpts; may be paraphrase, expansion, or invention. Requires semantic review."
"quote_not_found","major-arcana.json","978","major-19","reversed","core","ACT","0","nghỉ ngơi hồi sức","Chủ động dưỡng sức để phục hồi năng lượng sống.","Not exact or fully supported comma/semicolon-separated excerpts; may be paraphrase, expansion, or invention. Requires semantic review."
"quote_not_found","major-arcana.json","978","major-19","reversed","core","STR","1","hạ bớt kỳ vọng","Điều chỉnh lại mục tiêu cho thực tế và vừa sức hơn.","Not exact or fully supported comma/semicolon-separated excerpts; may be paraphrase, expansion, or invention. Requires semantic review."
"quote_not_found","major-arcana.json","978","major-19","reversed","core","INT","1","nhận ra sự kiệt sức","Thấu hiểu giới hạn của cơ thể và giảm bớt áp lực tỏa sáng.","Not exact or fully supported comma/semicolon-separated excerpts; may be paraphrase, expansion, or invention. Requires semantic review."
"fragmented_quote","major-arcana.json","978","major-19","reversed","shadow","ACT","-1","mệt mỏi, trì hoãn","Thiếu sức sống, uể oải, mất đi nhiệt huyết vốn có.","Every comma/semicolon-separated fragment occurs in source; whole quote is not contiguous."
"quote_not_found","major-arcana.json","978","major-19","reversed","shadow","STR","-1","quá tự tin sinh bất cẩn","Kiêu ngạo mù quáng dẫn đến thất bại đáng tiếc.","Not exact or fully supported comma/semicolon-separated excerpts; may be paraphrase, expansion, or invention. Requires semantic review."
"quote_not_found","major-arcana.json","978","major-19","reversed","shadow","RSK","-1","nản lòng trước kỳ vọng","Sụp đổ tinh thần vì đặt kỳ vọng quá cao không đạt được.","Not exact or fully supported comma/semicolon-separated excerpts; may be paraphrase, expansion, or invention. Requires semantic review."
"quote_not_found","major-arcana.json","978","major-19","reversed","shadow","INT","-1","bị che mờ bởi cái tôi","Cái tôi tự cao làm mờ đi lòng khiêm nhường.","Not exact or fully supported comma/semicolon-separated excerpts; may be paraphrase, expansion, or invention. Requires semantic review."
"quote_not_found","major-arcana.json","1003","major-20","upright","core","ACT","2","trả lời tiếng gọi, bước sang giai đoạn mới","Hành động dứt khoát đáp lại tiếng gọi của lương tri và sứ mệnh.","Not exact or fully supported comma/semicolon-separated excerpts; may be paraphrase, expansion, or invention. Requires semantic review."
"quote_not_found","major-arcana.json","1003","major-20","upright","core","EMO","1","tha thứ, giải thoát","Trút bỏ mọi mặc cảm quá khứ để bước vào đời sống mới.","Not exact or fully supported comma/semicolon-separated excerpts; may be paraphrase, expansion, or invention. Requires semantic review."
"fragmented_quote","major-arcana.json","1003","major-20","upright","core","STR","2","tổng kết bài học, thức tỉnh","Đánh giá, tổng kết toàn bộ chặng đường đã qua một cách công minh.","Every comma/semicolon-separated fragment occurs in source; whole quote is not contiguous."
"quote_not_found","major-arcana.json","1003","major-20","upright","core","RSK","2","trả lời tiếng gọi trưởng thành hơn","Dũng cảm lột xác, sẵn sàng đón nhận trách nhiệm lớn lao hơn.","Not exact or fully supported comma/semicolon-separated excerpts; may be paraphrase, expansion, or invention. Requires semantic review."
"quote_not_found","major-arcana.json","1003","major-20","upright","core","INT","2","thức tỉnh, tiếng gọi thiêng liêng","Đỉnh cao của sự giác ngộ tâm linh và sứ mệnh cuộc đời.","Not exact or fully supported comma/semicolon-separated excerpts; may be paraphrase, expansion, or invention. Requires semantic review."
"quote_not_found","major-arcana.json","1003","major-20","upright","shadow","STR","1","nghiêm khắc","Có thể quá khắt khe với bản thân trong quá trình tổng kết.","Not exact or fully supported comma/semicolon-separated excerpts; may be paraphrase, expansion, or invention. Requires semantic review."
"quote_not_found","major-arcana.json","1028","major-20","reversed","core","ACT","0","nhận ra sự chần chừ","Ý thức được sự trì hoãn vô bổ để chuẩn bị ra quyết định.","Not exact or fully supported comma/semicolon-separated excerpts; may be paraphrase, expansion, or invention. Requires semantic review."
"quote_not_found","major-arcana.json","1028","major-20","reversed","core","EMO","1","ngừng tự phán xét","Học cách tự tha thứ cho lỗi lầm quá khứ.","Not exact or fully supported comma/semicolon-separated excerpts; may be paraphrase, expansion, or invention. Requires semantic review."
"quote_not_found","major-arcana.json","1028","major-20","reversed","core","RSK","1","vượt qua sợ hãi phán xét","Can đảm đón nhận tiếng gọi dù còn nhiều băn khoăn.","Not exact or fully supported comma/semicolon-separated excerpts; may be paraphrase, expansion, or invention. Requires semantic review."
"quote_not_found","major-arcana.json","1028","major-20","reversed","core","INT","1","lắng nghe lại tiếng gọi","Mở lại cánh cửa tâm hồn để tiếp nhận thông điệp vũ trụ.","Not exact or fully supported comma/semicolon-separated excerpts; may be paraphrase, expansion, or invention. Requires semantic review."
"quote_not_found","major-arcana.json","1028","major-20","reversed","shadow","ACT","-2","chần chừ, không chịu bước","Tê liệt hành vi, trì hoãn quyết định sinh tử đã rõ ràng.","Not exact or fully supported comma/semicolon-separated excerpts; may be paraphrase, expansion, or invention. Requires semantic review."
"quote_not_found","major-arcana.json","1028","major-20","reversed","shadow","EMO","-2","tự phán xét, dằn vặt","Tự kết án bản thân cay nghiệt, chìm trong mặc cảm tội lỗi.","Not exact or fully supported comma/semicolon-separated excerpts; may be paraphrase, expansion, or invention. Requires semantic review."
"quote_not_found","major-arcana.json","1028","major-20","reversed","shadow","STR","-1","bế tắc quyết định","Không thể đưa ra kết luận dứt khoát.","Not exact or fully supported comma/semicolon-separated excerpts; may be paraphrase, expansion, or invention. Requires semantic review."
"quote_not_found","major-arcana.json","1028","major-20","reversed","shadow","RSK","-2","sợ hãi tiếng gọi","Trốn chạy trách nhiệm và tiếng gọi trưởng thành.","Not exact or fully supported comma/semicolon-separated excerpts; may be paraphrase, expansion, or invention. Requires semantic review."
"fragmented_quote","major-arcana.json","1053","major-21","upright","core","ACT","2","hoàn thành, bước sang vòng mới","Về đích viên mãn và sẵn sàng cho một khởi đầu vĩ đại mới.","Every comma/semicolon-separated fragment occurs in source; whole quote is not contiguous."
"quote_not_found","major-arcana.json","1053","major-21","upright","core","EMO","2","hội nhập, thành tựu, mãn nguyện","Hạnh phúc trọn vẹn, hòa quyện tuyệt đối với vũ trụ và cộng đồng.","Not exact or fully supported comma/semicolon-separated excerpts; may be paraphrase, expansion, or invention. Requires semantic review."
"quote_not_found","major-arcana.json","1053","major-21","upright","core","STR","2","đạt độ chín, hoàn tất chu kỳ","Cấu trúc hoàn mỹ, mọi mắt xích đều đã được đặt đúng vị trí.","Not exact or fully supported comma/semicolon-separated excerpts; may be paraphrase, expansion, or invention. Requires semantic review."
"quote_not_found","major-arcana.json","1053","major-21","upright","core","INT","2","hội nhập, hợp nhất tâm linh","Đỉnh cao của sự giác ngộ toàn diện, hợp nhất ý thức và vũ trụ.","Not exact or fully supported comma/semicolon-separated excerpts; may be paraphrase, expansion, or invention. Requires semantic review."
"quote_not_found","major-arcana.json","1053","major-21","upright","shadow","STR","1","ngủ quên trên chiến thắng","Dễ tự mãn với thành quả đã đạt được.","Not exact or fully supported comma/semicolon-separated excerpts; may be paraphrase, expansion, or invention. Requires semantic review."
"quote_not_found","major-arcana.json","1053","major-21","upright","shadow","RSK","-1","ngại bắt đầu lại từ đầu","Ngại quay lại vị trí con số 0 của Kẻ Khờ.","Not exact or fully supported comma/semicolon-separated excerpts; may be paraphrase, expansion, or invention. Requires semantic review."
"quote_not_found","major-arcana.json","1078","major-21","reversed","core","ACT","1","hoàn tất chi tiết cuối cùng","Tập trung giải quyết nốt mắt xích dở dang còn sót lại.","Not exact or fully supported comma/semicolon-separated excerpts; may be paraphrase, expansion, or invention. Requires semantic review."
"quote_not_found","major-arcana.json","1078","major-21","reversed","core","EMO","1","tìm cảm giác khép lại","Chủ động đóng lại cánh cửa cũ trong hòa bình.","Not exact or fully supported comma/semicolon-separated excerpts; may be paraphrase, expansion, or invention. Requires semantic review."
"quote_not_found","major-arcana.json","1078","major-21","reversed","core","STR","1","bài học cần hoàn tất","Rà soát kiểm tra lại những khuyết thiếu để lấp đầy.","Not exact or fully supported comma/semicolon-separated excerpts; may be paraphrase, expansion, or invention. Requires semantic review."
"quote_not_found","major-arcana.json","1078","major-21","reversed","core","RSK","1","vượt qua bước cản cuối","Kiên trì đi hết đoạn đường cuối cùng.","Not exact or fully supported comma/semicolon-separated excerpts; may be paraphrase, expansion, or invention. Requires semantic review."
"quote_not_found","major-arcana.json","1078","major-21","reversed","core","INT","2","nhận ra bài học chưa hoàn tất","Trực giác sáng tỏ chỉ ra chính xác nút thắt còn tồn đọng.","Not exact or fully supported comma/semicolon-separated excerpts; may be paraphrase, expansion, or invention. Requires semantic review."
"quote_not_found","major-arcana.json","1078","major-21","reversed","shadow","EMO","-1","thiếu khép lại, hụt hẫng","Day dứt, bứt rứt vì những chuyện dang dở không tròn vẹn.","Not exact or fully supported comma/semicolon-separated excerpts; may be paraphrase, expansion, or invention. Requires semantic review."
"quote_not_found","major-arcana.json","1078","major-21","reversed","shadow","RSK","-1","sợ vạch đích","Tâm lý sợ thành công hoặc sợ bước tiếp sang giai đoạn mới.","Not exact or fully supported comma/semicolon-separated excerpts; may be paraphrase, expansion, or invention. Requires semantic review."
"quote_not_found","major-arcana.json","1078","major-21","reversed","shadow","INT","-1","mất kiên nhẫn học bài","Cố tình bỏ qua bài học cốt lõi để vội vã kết thúc.","Not exact or fully supported comma/semicolon-separated excerpts; may be paraphrase, expansion, or invention. Requires semantic review."
"quote_not_found","wands.json","3","wands-01","upright","shadow","ACT","1","khởi động vội","Cả thèm chóng chán, hừng hực lúc đầu nhưng thiếu bền bỉ.","Not exact or fully supported comma/semicolon-separated excerpts; may be paraphrase, expansion, or invention. Requires semantic review."
"quote_not_found","wands.json","3","wands-01","upright","shadow","STR","-1","thiếu kế hoạch","Nhiệt tình quá mức mà thiếu chuẩn bị nền tảng.","Not exact or fully supported comma/semicolon-separated excerpts; may be paraphrase, expansion, or invention. Requires semantic review."
"quote_not_found","wands.json","3","wands-01","upright","shadow","RSK","1","bốc đồng","Lao vào việc mới mà chưa tính toán rủi ro.","Not exact or fully supported comma/semicolon-separated excerpts; may be paraphrase, expansion, or invention. Requires semantic review."
"quote_not_found","wands.json","28","wands-01","reversed","core","STR","1","điều chỉnh nhịp độ","Lên lại kế hoạch để tránh lỡ nhịp tiếp theo.","Not exact or fully supported comma/semicolon-separated excerpts; may be paraphrase, expansion, or invention. Requires semantic review."
"quote_not_found","wands.json","28","wands-01","reversed","core","INT","1","nhìn lại thiếu động lực","Tự vấn xem ngọn lửa đam mê thực sự đang nằm ở đâu.","Not exact or fully supported comma/semicolon-separated excerpts; may be paraphrase, expansion, or invention. Requires semantic review."
"quote_not_found","wands.json","28","wands-01","reversed","shadow","RSK","-1","ngần ngại","Sợ thất bại nên không dám đánh lửa bắt đầu.","Not exact or fully supported comma/semicolon-separated excerpts; may be paraphrase, expansion, or invention. Requires semantic review."
"quote_not_found","wands.json","28","wands-01","reversed","shadow","INT","-1","mất cảm hứng","Cảm giác trống rỗng và mất kết nối với đam mê cá nhân.","Not exact or fully supported comma/semicolon-separated excerpts; may be paraphrase, expansion, or invention. Requires semantic review."
"metadata_mismatch","wands.json","53","wands-02","upright","","","","","","cardNameEn"
"fragmented_quote","wands.json","53","wands-02","upright","core","ACT","1","kế hoạch, lựa chọn","Chủ động quan sát từ lâu đài để chuẩn bị xuất quân.","Every comma/semicolon-separated fragment occurs in source; whole quote is not contiguous."
"quote_not_found","wands.json","53","wands-02","upright","core","RSK","1","lựa chọn, tầm nhìn vươn xa","Hướng ra thế giới rộng lớn bên ngoài vùng an toàn.","Not exact or fully supported comma/semicolon-separated excerpts; may be paraphrase, expansion, or invention. Requires semantic review."
"quote_not_found","wands.json","53","wands-02","upright","shadow","ACT","0","đứng nhìn","Có thể đứng lên kế hoạch quá lâu mà chưa chịu bước đi.","Not exact or fully supported comma/semicolon-separated excerpts; may be paraphrase, expansion, or invention. Requires semantic review."
"quote_not_found","wands.json","53","wands-02","upright","shadow","EMO","-1","cô độc trên cao","Có khoảng cách với thực tế bình dân.","Not exact or fully supported comma/semicolon-separated excerpts; may be paraphrase, expansion, or invention. Requires semantic review."
"metadata_mismatch","wands.json","78","wands-02","reversed","","","","","","cardNameEn"
"quote_not_found","wands.json","78","wands-02","reversed","core","STR","1","thu hẹp mục tiêu","Tập trung vào phạm vi vừa sức hơn trước khi mở rộng.","Not exact or fully supported comma/semicolon-separated excerpts; may be paraphrase, expansion, or invention. Requires semantic review."
"quote_not_found","wands.json","78","wands-02","reversed","core","INT","1","nhìn rõ hạn chế","Nhận thức trung thực về giới hạn năng lực hiện tại.","Not exact or fully supported comma/semicolon-separated excerpts; may be paraphrase, expansion, or invention. Requires semantic review."
"quote_not_found","wands.json","78","wands-02","reversed","shadow","INT","-1","thiếu tầm nhìn","Mất phương hướng chiến lược, lo âu về tương lai.","Not exact or fully supported comma/semicolon-separated excerpts; may be paraphrase, expansion, or invention. Requires semantic review."
"metadata_mismatch","wands.json","103","wands-03","upright","","","","","","cardNameEn"
"fragmented_quote","wands.json","103","wands-03","upright","core","ACT","2","tiến triển, mở rộng","Đoàn thuyền đã ra khơi, hành động mở rộng quy mô mạnh mẽ.","Every comma/semicolon-separated fragment occurs in source; whole quote is not contiguous."
"quote_not_found","wands.json","103","wands-03","upright","core","STR","1","mở rộng có tổ chức","Quản trị chuỗi hành trình và vận hành trơn tru.","Not exact or fully supported comma/semicolon-separated excerpts; may be paraphrase, expansion, or invention. Requires semantic review."
"quote_not_found","wands.json","103","wands-03","upright","core","RSK","2","mở rộng ra biển lớn","Can đảm khám phá những thị trường và chân trời mới.","Not exact or fully supported comma/semicolon-separated excerpts; may be paraphrase, expansion, or invention. Requires semantic review."
"quote_not_found","wands.json","103","wands-03","upright","core","INT","1","dự báo tương lai","Nhìn thấy trước thành quả của những nỗ lực đã gieo trồng.","Not exact or fully supported comma/semicolon-separated excerpts; may be paraphrase, expansion, or invention. Requires semantic review."
"quote_not_found","wands.json","103","wands-03","upright","shadow","ACT","1","mở rộng nhanh","Có thể mở rộng quy mô quá nhanh so với nội lực.","Not exact or fully supported comma/semicolon-separated excerpts; may be paraphrase, expansion, or invention. Requires semantic review."
"quote_not_found","wands.json","103","wands-03","upright","shadow","RSK","1","mạo hiểm","Gặp rủi ro từ các biến cố đường xa ngoài tầm kiểm soát.","Not exact or fully supported comma/semicolon-separated excerpts; may be paraphrase, expansion, or invention. Requires semantic review."
"metadata_mismatch","wands.json","128","wands-03","reversed","","","","","","cardNameEn"
"quote_not_found","wands.json","128","wands-03","reversed","core","EMO","1","vượt qua thất vọng","Xoa dịu tinh thần đồng đội sau những vấp váp ban đầu.","Not exact or fully supported comma/semicolon-separated excerpts; may be paraphrase, expansion, or invention. Requires semantic review."
"quote_not_found","wands.json","128","wands-03","reversed","core","STR","1","khắc phục trở ngại","Tái cơ cấu và tìm phương án dự phòng hữu hiệu.","Not exact or fully supported comma/semicolon-separated excerpts; may be paraphrase, expansion, or invention. Requires semantic review."
"quote_not_found","wands.json","128","wands-03","reversed","core","INT","1","nhận diện rào cản","Thấu suốt nguyên nhân khiến chuyến tàu bị hoãn.","Not exact or fully supported comma/semicolon-separated excerpts; may be paraphrase, expansion, or invention. Requires semantic review."
"quote_not_found","wands.json","128","wands-03","reversed","shadow","RSK","-1","sợ rủi ro đường xa","Ngần ngại thu hồi vốn hoặc không dám mạo hiểm tiếp.","Not exact or fully supported comma/semicolon-separated excerpts; may be paraphrase, expansion, or invention. Requires semantic review."
"quote_not_found","wands.json","128","wands-03","reversed","shadow","INT","-1","tính toán sai","Dự báo thiếu chính xác về điều kiện thực tế.","Not exact or fully supported comma/semicolon-separated excerpts; may be paraphrase, expansion, or invention. Requires semantic review."
"metadata_mismatch","wands.json","153","wands-04","upright","","","","","","cardNameEn"
"fragmented_quote","wands.json","153","wands-04","upright","core","EMO","2","thuộc về, ăn mừng","Ấm áp, đoàn viên, cảm giác gắn kết gia đình và cộng đồng.","Every comma/semicolon-separated fragment occurs in source; whole quote is not contiguous."
"quote_not_found","wands.json","153","wands-04","upright","core","RSK","0","an cư lạc nghiệp","Tận hưởng sự bình yên và an toàn sau thời gian phấn đấu.","Not exact or fully supported comma/semicolon-separated excerpts; may be paraphrase, expansion, or invention. Requires semantic review."
"quote_not_found","wands.json","153","wands-04","upright","core","INT","1","hòa hợp","Cảm nhận sự thiêng liêng của mái ấm và nơi thuộc về.","Not exact or fully supported comma/semicolon-separated excerpts; may be paraphrase, expansion, or invention. Requires semantic review."
"quote_not_found","wands.json","153","wands-04","upright","shadow","EMO","1","tiệc tùng","Có thể mải mê vui chơi ăn mừng quá chén.","Not exact or fully supported comma/semicolon-separated excerpts; may be paraphrase, expansion, or invention. Requires semantic review."
"quote_not_found","wands.json","153","wands-04","upright","shadow","RSK","-1","ngại rời vùng ấm êm","Không muốn bước tiếp vì đang quá thỏa mãn.","Not exact or fully supported comma/semicolon-separated excerpts; may be paraphrase, expansion, or invention. Requires semantic review."
"metadata_mismatch","wands.json","178","wands-04","reversed","","","","","","cardNameEn"
"quote_not_found","wands.json","178","wands-04","reversed","core","EMO","1","hàn gắn gia đình","Nhận ra nhu cầu thấu hiểu để hòa giải bất đồng.","Not exact or fully supported comma/semicolon-separated excerpts; may be paraphrase, expansion, or invention. Requires semantic review."
"quote_not_found","wands.json","178","wands-04","reversed","core","STR","1","củng cố lại nền tảng","Sửa chữa những vết rạn nứt trong cấu trúc gia đình/nhóm.","Not exact or fully supported comma/semicolon-separated excerpts; may be paraphrase, expansion, or invention. Requires semantic review."
"quote_not_found","wands.json","178","wands-04","reversed","core","INT","1","nhận diện căng thẳng","Hiểu rõ căn nguyên của sự thiếu hòa hợp.","Not exact or fully supported comma/semicolon-separated excerpts; may be paraphrase, expansion, or invention. Requires semantic review."
"fragmented_quote","wands.json","178","wands-04","reversed","shadow","EMO","-2","thiếu hỗ trợ, bất ổn","Cảm giác cô đơn ngay trong chính ngôi nhà hay tập thể của mình.","Every comma/semicolon-separated fragment occurs in source; whole quote is not contiguous."
"quote_not_found","wands.json","178","wands-04","reversed","shadow","STR","-2","bất ổn nền móng","Rạn nứt nội bộ, các cam kết chung bị lung lay.","Not exact or fully supported comma/semicolon-separated excerpts; may be paraphrase, expansion, or invention. Requires semantic review."
"quote_not_found","wands.json","178","wands-04","reversed","shadow","RSK","-1","bất an","Lo sợ mất đi chỗ dựa tinh thần quen thuộc.","Not exact or fully supported comma/semicolon-separated excerpts; may be paraphrase, expansion, or invention. Requires semantic review."
"quote_not_found","wands.json","178","wands-04","reversed","shadow","INT","-1","xa cách nội tâm","Đóng chặt lòng mình lại vì thất vọng về người thân.","Not exact or fully supported comma/semicolon-separated excerpts; may be paraphrase, expansion, or invention. Requires semantic review."
"metadata_mismatch","wands.json","203","wands-05","upright","","","","","","cardNameEn"
"quote_not_found","wands.json","203","wands-05","upright","core","EMO","0","thử thách lành mạnh","Cạnh tranh công bằng để cùng nhau tiến bộ.","Not exact or fully supported comma/semicolon-separated excerpts; may be paraphrase, expansion, or invention. Requires semantic review."
"quote_not_found","wands.json","203","wands-05","upright","core","STR","-1","va chạm hỗn độn","Nhiều ý kiến trái chiều đan xen, tạm thời chưa có tiếng nói chung.","Not exact or fully supported comma/semicolon-separated excerpts; may be paraphrase, expansion, or invention. Requires semantic review."
"quote_not_found","wands.json","203","wands-05","upright","core","RSK","1","đối diện thử thách","Không ngại cọ xát, dám đứng lên bảo vệ ý kiến.","Not exact or fully supported comma/semicolon-separated excerpts; may be paraphrase, expansion, or invention. Requires semantic review."
"quote_not_found","wands.json","203","wands-05","upright","shadow","ACT","1","va chạm quá đà","Hành vi hiếu chiến, thích gây sự hơn là tìm giải pháp.","Not exact or fully supported comma/semicolon-separated excerpts; may be paraphrase, expansion, or invention. Requires semantic review."
"quote_not_found","wands.json","203","wands-05","upright","shadow","EMO","-1","xung đột cái tôi","Bực bội, cay cú vì ai cũng muốn phần thắng về mình.","Not exact or fully supported comma/semicolon-separated excerpts; may be paraphrase, expansion, or invention. Requires semantic review."
"quote_not_found","wands.json","203","wands-05","upright","shadow","STR","-2","hỗn loạn","Trống đánh xuôi kèn thổi ngược, mất phương hướng tập thể.","Not exact or fully supported comma/semicolon-separated excerpts; may be paraphrase, expansion, or invention. Requires semantic review."
"quote_not_found","wands.json","203","wands-05","upright","shadow","INT","-1","nhiễu loạn tiếng ồn","Bị cuốn vào tranh cãi vụn vặt mà quên mục tiêu lớn.","Not exact or fully supported comma/semicolon-separated excerpts; may be paraphrase, expansion, or invention. Requires semantic review."
"metadata_mismatch","wands.json","228","wands-05","reversed","","","","","","cardNameEn"
"quote_not_found","wands.json","228","wands-05","reversed","core","STR","1","lập lại trật tự","Tìm ra quy chế chung để chấm dứt sự tranh giành hỗn loạn.","Not exact or fully supported comma/semicolon-separated excerpts; may be paraphrase, expansion, or invention. Requires semantic review."
"quote_not_found","wands.json","228","wands-05","reversed","core","INT","1","nhận ra sự vô nghĩa của tranh cãi","Hiểu rằng tranh cãi hơn thua không đem lại lợi ích thực sự.","Not exact or fully supported comma/semicolon-separated excerpts; may be paraphrase, expansion, or invention. Requires semantic review."
"quote_not_found","wands.json","228","wands-05","reversed","shadow","STR","-1","bất đồng ngầm","Vấn đề cốt lõi không được giải quyết rốt ráo.","Not exact or fully supported comma/semicolon-separated excerpts; may be paraphrase, expansion, or invention. Requires semantic review."
"quote_not_found","wands.json","228","wands-05","reversed","shadow","RSK","-2","sợ va chạm","Hèn nhát, sợ mếch lòng nên để quyền lợi bị chà đạp.","Not exact or fully supported comma/semicolon-separated excerpts; may be paraphrase, expansion, or invention. Requires semantic review."
"quote_not_found","wands.json","228","wands-05","reversed","shadow","INT","-1","bằng mặt không bằng lòng","Tự dối lòng rằng mọi chuyện vẫn ổn.","Not exact or fully supported comma/semicolon-separated excerpts; may be paraphrase, expansion, or invention. Requires semantic review."
"metadata_mismatch","wands.json","253","wands-06","upright","","","","","","cardNameEn"
"quote_not_found","wands.json","253","wands-06","upright","core","ACT","2","chiến thắng, diễu hành","Gặt hái thành tựu vẻ vang, ngẩng cao đầu cưỡi ngựa vinh quang.","Not exact or fully supported comma/semicolon-separated excerpts; may be paraphrase, expansion, or invention. Requires semantic review."
"quote_not_found","wands.json","253","wands-06","upright","core","STR","1","trật tự người chiến thắng","Khẳng định vị thế và uy tín lãnh đạo vững chắc.","Not exact or fully supported comma/semicolon-separated excerpts; may be paraphrase, expansion, or invention. Requires semantic review."
"quote_not_found","wands.json","253","wands-06","upright","core","INT","1","nhận thức giá trị","Thấu suốt công sức đã bỏ ra xứng đáng với tràng pháo tay.","Not exact or fully supported comma/semicolon-separated excerpts; may be paraphrase, expansion, or invention. Requires semantic review."
"quote_not_found","wands.json","253","wands-06","upright","shadow","EMO","1","say men chiến thắng","Có thể nghiện sự tung hô của đám đông.","Not exact or fully supported comma/semicolon-separated excerpts; may be paraphrase, expansion, or invention. Requires semantic review."
"quote_not_found","wands.json","253","wands-06","upright","shadow","INT","-1","kiêu hãnh","Nguy cơ ảo tưởng sức mạnh, quên mất sự giúp đỡ của đồng đội.","Not exact or fully supported comma/semicolon-separated excerpts; may be paraphrase, expansion, or invention. Requires semantic review."
"metadata_mismatch","wands.json","278","wands-06","reversed","","","","","","cardNameEn"
"quote_not_found","wands.json","278","wands-06","reversed","core","EMO","1","khiêm nhường","Học bài học khiêm tốn sâu sắc từ sự thờ ơ của đám đông.","Not exact or fully supported comma/semicolon-separated excerpts; may be paraphrase, expansion, or invention. Requires semantic review."
"quote_not_found","wands.json","278","wands-06","reversed","core","STR","1","khắc phục sai sót","Chỉnh đốn lại chiến thuật thay vì than vãn.","Not exact or fully supported comma/semicolon-separated excerpts; may be paraphrase, expansion, or invention. Requires semantic review."
"quote_not_found","wands.json","278","wands-06","reversed","core","RSK","1","dũng khí làm lại","Dám đối diện với thất bại mà không sụp đổ hoàn toàn.","Not exact or fully supported comma/semicolon-separated excerpts; may be paraphrase, expansion, or invention. Requires semantic review."
"quote_not_found","wands.json","278","wands-06","reversed","core","INT","2","nhìn thấu hư vinh","Nhận ra sự phù phiếm của lời khen ngợi bề ngoài.","Not exact or fully supported comma/semicolon-separated excerpts; may be paraphrase, expansion, or invention. Requires semantic review."
"quote_not_found","wands.json","278","wands-06","reversed","shadow","EMO","-2","kiêu hãnh tổn thương, thiếu công nhận","Uất ức, cay đắng, cảm giác bị cả thế giới quay lưng bạc bẽo.","Not exact or fully supported comma/semicolon-separated excerpts; may be paraphrase, expansion, or invention. Requires semantic review."
"quote_not_found","wands.json","278","wands-06","reversed","shadow","STR","-1","sụp đổ hình tượng","Mất uy tín cá nhân vì hứa hươu vượn mà không làm được.","Not exact or fully supported comma/semicolon-separated excerpts; may be paraphrase, expansion, or invention. Requires semantic review."
"quote_not_found","wands.json","278","wands-06","reversed","shadow","RSK","-2","sợ mất mặt","Bị nỗi sợ thất bại bóp nghẹt, không dám dấn thân nữa.","Not exact or fully supported comma/semicolon-separated excerpts; may be paraphrase, expansion, or invention. Requires semantic review."
"quote_not_found","wands.json","278","wands-06","reversed","shadow","INT","-1","cái tôi mù quáng","Đổ lỗi cho hoàn cảnh thay vì chịu trách nhiệm cho sự thất bại.","Not exact or fully supported comma/semicolon-separated excerpts; may be paraphrase, expansion, or invention. Requires semantic review."
"metadata_mismatch","wands.json","303","wands-07","upright","","","","","","cardNameEn"
"fragmented_quote","wands.json","303","wands-07","upright","core","ACT","2","bảo vệ, kiên định","Một mình đứng vững trên điểm cao kiên cường chống trả mọi đối thủ.","Every comma/semicolon-separated fragment occurs in source; whole quote is not contiguous."
"quote_not_found","wands.json","303","wands-07","upright","core","EMO","0","giữ vững lập trường","Không dao động trước áp lực từ số đông đối nghịch.","Not exact or fully supported comma/semicolon-separated excerpts; may be paraphrase, expansion, or invention. Requires semantic review."
"quote_not_found","wands.json","303","wands-07","upright","core","STR","2","ranh giới, bảo vệ lập trường","Thiết lập ranh giới kiên cố, không nhượng bộ nguyên tắc cốt lõi.","Not exact or fully supported comma/semicolon-separated excerpts; may be paraphrase, expansion, or invention. Requires semantic review."
"quote_not_found","wands.json","303","wands-07","upright","core","INT","1","niềm tin vững chắc","Biết rõ điều mình đang chiến đấu là hoàn toàn chính đáng.","Not exact or fully supported comma/semicolon-separated excerpts; may be paraphrase, expansion, or invention. Requires semantic review."
"quote_not_found","wands.json","303","wands-07","upright","shadow","ACT","1","chống đỡ liên tục","Có thể kiệt sức vì lúc nào cũng trong tư thế phòng thủ tác chiến.","Not exact or fully supported comma/semicolon-separated excerpts; may be paraphrase, expansion, or invention. Requires semantic review."
"quote_not_found","wands.json","303","wands-07","upright","shadow","EMO","-1","căng thẳng cô độc","Cảm giác đơn độc chiến đấu với cả thế giới.","Not exact or fully supported comma/semicolon-separated excerpts; may be paraphrase, expansion, or invention. Requires semantic review."
"quote_not_found","wands.json","303","wands-07","upright","shadow","STR","1","phòng thủ","Cứng nhắc, từ chối mọi cơ hội thỏa hiệp có lợi.","Not exact or fully supported comma/semicolon-separated excerpts; may be paraphrase, expansion, or invention. Requires semantic review."
"quote_not_found","wands.json","303","wands-07","upright","shadow","RSK","1","ngoan cường","Cố chấp tử thủ ngay cả khi trận chiến không còn cần thiết.","Not exact or fully supported comma/semicolon-separated excerpts; may be paraphrase, expansion, or invention. Requires semantic review."
"metadata_mismatch","wands.json","328","wands-07","reversed","","","","","","cardNameEn"
"quote_not_found","wands.json","328","wands-07","reversed","core","ACT","0","hạ gậy nghỉ ngơi","Biết buông gậy đúng lúc để tránh bị gãy đổ hoàn toàn.","Not exact or fully supported comma/semicolon-separated excerpts; may be paraphrase, expansion, or invention. Requires semantic review."
"quote_not_found","wands.json","328","wands-07","reversed","core","EMO","1","chấp nhận giới hạn","Thông cảm cho bản thân khi không thể gánh vác tất cả.","Not exact or fully supported comma/semicolon-separated excerpts; may be paraphrase, expansion, or invention. Requires semantic review."
"quote_not_found","wands.json","328","wands-07","reversed","core","STR","1","chọn lọc trận chiến","Học cách buông bỏ những trận địa không đáng để dồn sức cho việc chính.","Not exact or fully supported comma/semicolon-separated excerpts; may be paraphrase, expansion, or invention. Requires semantic review."
"quote_not_found","wands.json","328","wands-07","reversed","core","INT","1","thấu hiểu sự kiệt sức","Nhận ra phòng thủ mù quáng chỉ làm hao mòn sinh lực.","Not exact or fully supported comma/semicolon-separated excerpts; may be paraphrase, expansion, or invention. Requires semantic review."
"fragmented_quote","wands.json","328","wands-07","reversed","shadow","ACT","-2","bỏ cuộc, quá tải","Đầu hàng vô điều kiện vì kiệt sức, buông xuôi trận địa.","Every comma/semicolon-separated fragment occurs in source; whole quote is not contiguous."
"quote_not_found","wands.json","328","wands-07","reversed","shadow","EMO","-2","quá tải, bất an","Áp lực đè nặng khiến tâm lý suy sụp hoàn toàn.","Not exact or fully supported comma/semicolon-separated excerpts; may be paraphrase, expansion, or invention. Requires semantic review."
"quote_not_found","wands.json","328","wands-07","reversed","shadow","STR","-2","vỡ trận, phòng thủ quá mức","Phản ứng thái quá hoặc ranh giới bị đối phương đập tan nát.","Not exact or fully supported comma/semicolon-separated excerpts; may be paraphrase, expansion, or invention. Requires semantic review."
"quote_not_found","wands.json","328","wands-07","reversed","shadow","RSK","-2","sợ đối đầu","Khiếp sợ trước sự công kích, không còn dũng khí tự vệ.","Not exact or fully supported comma/semicolon-separated excerpts; may be paraphrase, expansion, or invention. Requires semantic review."
"quote_not_found","wands.json","328","wands-07","reversed","shadow","INT","-1","mất phương hướng chiến đấu","Nghi ngờ chính những giá trị mà mình từng bảo vệ.","Not exact or fully supported comma/semicolon-separated excerpts; may be paraphrase, expansion, or invention. Requires semantic review."
"metadata_mismatch","wands.json","353","wands-08","upright","","","","","","cardNameEn"
"fragmented_quote","wands.json","353","wands-08","upright","core","ACT","2","tốc độ, chuyển động","Hành động thần tốc, mọi thứ lao đi vun vút như tên bắn.","Every comma/semicolon-separated fragment occurs in source; whole quote is not contiguous."
"quote_not_found","wands.json","353","wands-08","upright","core","EMO","1","tin tức tốt","Hân hoan đón nhận những thông điệp tích cực bay tới.","Not exact or fully supported comma/semicolon-separated excerpts; may be paraphrase, expansion, or invention. Requires semantic review."
"quote_not_found","wands.json","353","wands-08","upright","core","STR","1","đường bay thông suốt","Mọi vật cản biến mất, dòng chảy thông suốt không gì cản nổi.","Not exact or fully supported comma/semicolon-separated excerpts; may be paraphrase, expansion, or invention. Requires semantic review."
"quote_not_found","wands.json","353","wands-08","upright","core","RSK","2","tốc độ cao","Táo bạo tận dụng thời cơ chớp nhoáng không chần chừ.","Not exact or fully supported comma/semicolon-separated excerpts; may be paraphrase, expansion, or invention. Requires semantic review."
"quote_not_found","wands.json","353","wands-08","upright","core","INT","1","tin tức, đồng bộ","Linh cảm nhạy bén bắt kịp tần số của vũ trụ.","Not exact or fully supported comma/semicolon-separated excerpts; may be paraphrase, expansion, or invention. Requires semantic review."
"quote_not_found","wands.json","353","wands-08","upright","shadow","ACT","2","chuyển động quá nhanh","Có thể vội vã tới mức bỏ qua chi tiết an toàn quan trọng.","Not exact or fully supported comma/semicolon-separated excerpts; may be paraphrase, expansion, or invention. Requires semantic review."
"quote_not_found","wands.json","353","wands-08","upright","shadow","STR","-1","thiếu hãm phanh","Khó kiểm soát tình hình khi tốc độ vượt quá ngưỡng an toàn.","Not exact or fully supported comma/semicolon-separated excerpts; may be paraphrase, expansion, or invention. Requires semantic review."
"quote_not_found","wands.json","353","wands-08","upright","shadow","RSK","1","lao nhanh","Dễ vấp ngã nếu đường bay có chướng ngại vật ngầm.","Not exact or fully supported comma/semicolon-separated excerpts; may be paraphrase, expansion, or invention. Requires semantic review."
"metadata_mismatch","wands.json","378","wands-08","reversed","","","","","","cardNameEn"
"quote_not_found","wands.json","378","wands-08","reversed","core","ACT","-1","chậm lại để kiểm soát","Hãm tốc độ lại để tránh đâm sầm vào chướng ngại vật.","Not exact or fully supported comma/semicolon-separated excerpts; may be paraphrase, expansion, or invention. Requires semantic review."
"quote_not_found","wands.json","378","wands-08","reversed","core","STR","1","lập lại trật tự khỏi hỗn loạn","Sắp xếp lại các bức thông điệp và quy trình bị xáo trộn.","Not exact or fully supported comma/semicolon-separated excerpts; may be paraphrase, expansion, or invention. Requires semantic review."
"quote_not_found","wands.json","378","wands-08","reversed","core","RSK","-1","tránh vội vàng","Ý thức được mối nguy hại của sự hấp tấp.","Not exact or fully supported comma/semicolon-separated excerpts; may be paraphrase, expansion, or invention. Requires semantic review."
"quote_not_found","wands.json","378","wands-08","reversed","core","INT","1","nhận ra sự nhiễu loạn thông tin","Gạn đục khơi trong giữa bão tin đồn và sự chậm trễ.","Not exact or fully supported comma/semicolon-separated excerpts; may be paraphrase, expansion, or invention. Requires semantic review."
"quote_not_found","wands.json","378","wands-08","reversed","shadow","ACT","-1","trì hoãn, lỡ nhịp","Bị đình trệ ở phút chót, thông tin quan trọng bị thất lạc.","Not exact or fully supported comma/semicolon-separated excerpts; may be paraphrase, expansion, or invention. Requires semantic review."
"quote_not_found","wands.json","378","wands-08","reversed","shadow","EMO","-1","bồn chồn, hoảng hốt","Bực tức vì bị kẹt cứng trong lúc đang muốn lao đi.","Not exact or fully supported comma/semicolon-separated excerpts; may be paraphrase, expansion, or invention. Requires semantic review."
"quote_not_found","wands.json","378","wands-08","reversed","shadow","RSK","1","liều mạng trong hoảng loạn","Càng vội càng làm ẩu, đốt cháy giai đoạn mù quáng.","Not exact or fully supported comma/semicolon-separated excerpts; may be paraphrase, expansion, or invention. Requires semantic review."
"quote_not_found","wands.json","378","wands-08","reversed","shadow","INT","-1","mất phương hướng tốc độ","Đầu óc quay cuồng không còn biết đâu là ưu tiên số một.","Not exact or fully supported comma/semicolon-separated excerpts; may be paraphrase, expansion, or invention. Requires semantic review."
"metadata_mismatch","wands.json","403","wands-09","upright","","","","","","cardNameEn"
"fragmented_quote","wands.json","403","wands-09","upright","core","STR","2","ranh giới, cảnh giác","Rào chắn kiên cố, kỷ luật phòng thủ thép bảo vệ thành quả.","Every comma/semicolon-separated fragment occurs in source; whole quote is not contiguous."
"quote_not_found","wands.json","403","wands-09","upright","core","RSK","1","dám đứng vững sau bão","Can trường chống gậy canh gác, không bỏ chạy trước hiểm nguy.","Not exact or fully supported comma/semicolon-separated excerpts; may be paraphrase, expansion, or invention. Requires semantic review."
"quote_not_found","wands.json","403","wands-09","upright","core","INT","1","kinh nghiệm trận mạc","Rút kinh nghiệm sâu sắc từ những vết sẹo quá khứ.","Not exact or fully supported comma/semicolon-separated excerpts; may be paraphrase, expansion, or invention. Requires semantic review."
"quote_not_found","wands.json","403","wands-09","upright","shadow","ACT","0","bó gối phòng thủ","Có thể quá co cụm phòng ngự mà không dám tấn công.","Not exact or fully supported comma/semicolon-separated excerpts; may be paraphrase, expansion, or invention. Requires semantic review."
"quote_not_found","wands.json","403","wands-09","upright","shadow","EMO","-2","hoài nghi, cảnh giác quá mức","Đa nghi thái quá, nhìn ai cũng tưởng là kẻ thù đến cướp phá.","Not exact or fully supported comma/semicolon-separated excerpts; may be paraphrase, expansion, or invention. Requires semantic review."
"quote_not_found","wands.json","403","wands-09","upright","shadow","STR","1","cứng nhắc","Xây tường rào quá cao giam hãm chính bản thân mình.","Not exact or fully supported comma/semicolon-separated excerpts; may be paraphrase, expansion, or invention. Requires semantic review."
"quote_not_found","wands.json","403","wands-09","upright","shadow","RSK","-1","sợ bị thương thêm lần nữa","Ám ảnh chấn thương cũ khiến không dám tin ai.","Not exact or fully supported comma/semicolon-separated excerpts; may be paraphrase, expansion, or invention. Requires semantic review."
"metadata_mismatch","wands.json","428","wands-09","reversed","","","","","","cardNameEn"
"quote_not_found","wands.json","428","wands-09","reversed","core","ACT","-1","nghỉ ngơi băng bó","Chấp nhận hạ hàng rào xuống để được điều trị vết thương.","Not exact or fully supported comma/semicolon-separated excerpts; may be paraphrase, expansion, or invention. Requires semantic review."
"quote_not_found","wands.json","428","wands-09","reversed","core","EMO","1","bớt nghi ngờ","Bắt đầu học cách tin tưởng và chia sẻ gánh nặng phòng thủ.","Not exact or fully supported comma/semicolon-separated excerpts; may be paraphrase, expansion, or invention. Requires semantic review."
"quote_not_found","wands.json","428","wands-09","reversed","core","STR","1","mở cổng thành","Tháo bỏ sự cứng nhắc để đón nhận luồng gió mới.","Not exact or fully supported comma/semicolon-separated excerpts; may be paraphrase, expansion, or invention. Requires semantic review."
"quote_not_found","wands.json","428","wands-09","reversed","core","RSK","1","dám thả lỏng phòng vệ","Can đảm hạ thấp tấm khiên để kết nối lại.","Not exact or fully supported comma/semicolon-separated excerpts; may be paraphrase, expansion, or invention. Requires semantic review."
"quote_not_found","wands.json","428","wands-09","reversed","core","INT","1","nhận ra sự kiệt sức","Thấu suốt rằng mình không thể đơn độc chống lại cả thế giới mãi mãi.","Not exact or fully supported comma/semicolon-separated excerpts; may be paraphrase, expansion, or invention. Requires semantic review."
"quote_not_found","wands.json","428","wands-09","reversed","shadow","ACT","-2","kiệt sức hoàn toàn","Gục ngã bên bờ rào vì cố gồng gánh quá giới hạn chịu đựng.","Not exact or fully supported comma/semicolon-separated excerpts; may be paraphrase, expansion, or invention. Requires semantic review."
"quote_not_found","wands.json","428","wands-09","reversed","shadow","EMO","-2","nghi ngờ hoang tưởng","Tâm bệnh hoang tưởng, ghen tuông hoặc thù ghét vô căn cứ.","Not exact or fully supported comma/semicolon-separated excerpts; may be paraphrase, expansion, or invention. Requires semantic review."
"quote_not_found","wands.json","428","wands-09","reversed","shadow","STR","-2","cứng nhắc đến gãy vụn","Cố chấp không chịu linh hoạt khiến hệ thống phòng thủ sụp đổ.","Not exact or fully supported comma/semicolon-separated excerpts; may be paraphrase, expansion, or invention. Requires semantic review."
"quote_not_found","wands.json","428","wands-09","reversed","shadow","RSK","-2","tê liệt vì sợ hãi","Sợ đến mức không dám cựa quậy, hoảng loạn tinh thần.","Not exact or fully supported comma/semicolon-separated excerpts; may be paraphrase, expansion, or invention. Requires semantic review."
"quote_not_found","wands.json","428","wands-09","reversed","shadow","INT","-1","mất hết lý trí phòng vệ","Đầu óc mụ mị vì thiếu ngủ và căng thẳng kéo dài.","Not exact or fully supported comma/semicolon-separated excerpts; may be paraphrase, expansion, or invention. Requires semantic review."
"metadata_mismatch","wands.json","453","wands-10","upright","","","","","","cardNameEn"
"quote_not_found","wands.json","453","wands-10","upright","core","ACT","2","gánh vác, hoàn tất","Dồn hết tàn lực bước những bước cuối cùng để đưa bó gậy về đích.","Not exact or fully supported comma/semicolon-separated excerpts; may be paraphrase, expansion, or invention. Requires semantic review."
"quote_not_found","wands.json","453","wands-10","upright","core","STR","2","ôm trọn trách nhiệm, kỷ luật cao","Sức chịu đựng phi thường, kiên định hoàn thành cam kết.","Not exact or fully supported comma/semicolon-separated excerpts; may be paraphrase, expansion, or invention. Requires semantic review."
"quote_not_found","wands.json","453","wands-10","upright","core","RSK","1","chấp nhận gánh nặng","Không thoái thác nhiệm vụ dù biết con đường vô cùng chông gai.","Not exact or fully supported comma/semicolon-separated excerpts; may be paraphrase, expansion, or invention. Requires semantic review."
"quote_not_found","wands.json","453","wands-10","upright","core","INT","1","hướng về đích đến","Nhìn thấy mái nhà thành phố phía trước để làm động lực.","Not exact or fully supported comma/semicolon-separated excerpts; may be paraphrase, expansion, or invention. Requires semantic review."
"quote_not_found","wands.json","453","wands-10","upright","shadow","ACT","1","cố gồng","Ôm đồm quá nhiều việc cùng lúc không chịu san sẻ.","Not exact or fully supported comma/semicolon-separated excerpts; may be paraphrase, expansion, or invention. Requires semantic review."
"quote_not_found","wands.json","453","wands-10","upright","shadow","EMO","-1","nặng nề","Mất hết niềm vui sống, biến công việc thành cực hình.","Not exact or fully supported comma/semicolon-separated excerpts; may be paraphrase, expansion, or invention. Requires semantic review."
"quote_not_found","wands.json","453","wands-10","upright","shadow","STR","1","còng lưng vì trách nhiệm","Quá cứng nhắc với nghĩa vụ khiến cột sống bị quá tải.","Not exact or fully supported comma/semicolon-separated excerpts; may be paraphrase, expansion, or invention. Requires semantic review."
"quote_not_found","wands.json","453","wands-10","upright","shadow","RSK","-1","nguy cơ gãy gánh giữa đường","Có thể sụp đổ bất thình lình vì kiệt sức.","Not exact or fully supported comma/semicolon-separated excerpts; may be paraphrase, expansion, or invention. Requires semantic review."
"quote_not_found","wands.json","453","wands-10","upright","shadow","INT","-1","bị bó gậy che khuất tầm nhìn","Cúi gầm mặt cắm đầu đi mà không thấy đường phía trước.","Not exact or fully supported comma/semicolon-separated excerpts; may be paraphrase, expansion, or invention. Requires semantic review."
"metadata_mismatch","wands.json","478","wands-10","reversed","","","","","","cardNameEn"
"quote_not_found","wands.json","478","wands-10","reversed","core","ACT","0","buông bớt gánh nặng","Chủ động vứt bớt những cây gậy không cần thiết để giải thoát bản thân.","Not exact or fully supported comma/semicolon-separated excerpts; may be paraphrase, expansion, or invention. Requires semantic review."
"quote_not_found","wands.json","478","wands-10","reversed","core","EMO","1","thở phào nhẹ nhõm","Cảm nhận sự tự do sau khi dám nói lời từ chối gánh vác hộ người khác.","Not exact or fully supported comma/semicolon-separated excerpts; may be paraphrase, expansion, or invention. Requires semantic review."
"quote_not_found","wands.json","478","wands-10","reversed","core","STR","1","phân quyền, tái cơ cấu","Biết cách ủy quyền và chia việc cho đồng đội.","Not exact or fully supported comma/semicolon-separated excerpts; may be paraphrase, expansion, or invention. Requires semantic review."
"quote_not_found","wands.json","478","wands-10","reversed","core","RSK","1","dám buông tay","Dũng cảm từ bỏ sự hoàn hảo và danh hiệu người hùng cô độc.","Not exact or fully supported comma/semicolon-separated excerpts; may be paraphrase, expansion, or invention. Requires semantic review."
"quote_not_found","wands.json","478","wands-10","reversed","core","INT","2","nhận ra sự vô lý của ôm đồm","Thức tỉnh rằng mình không cần phải chịu trách nhiệm cho cuộc đời của mọi người.","Not exact or fully supported comma/semicolon-separated excerpts; may be paraphrase, expansion, or invention. Requires semantic review."
"quote_not_found","wands.json","478","wands-10","reversed","shadow","ACT","-2","sụp sức hoàn toàn","Gãy gục giữa đường, cơ thể và tinh thần sụp đổ hoàn toàn.","Not exact or fully supported comma/semicolon-separated excerpts; may be paraphrase, expansion, or invention. Requires semantic review."
"quote_not_found","wands.json","478","wands-10","reversed","shadow","EMO","-2","uất ức vì ôm đồm","Oán trách người xung quanh vô tâm dù chính mình tự nhận việc.","Not exact or fully supported comma/semicolon-separated excerpts; may be paraphrase, expansion, or invention. Requires semantic review."
"quote_not_found","wands.json","478","wands-10","reversed","shadow","STR","-2","đứt gánh","Kế hoạch đổ vỡ tan tành do người cầm trịch gục ngã.","Not exact or fully supported comma/semicolon-separated excerpts; may be paraphrase, expansion, or invention. Requires semantic review."
"quote_not_found","wands.json","478","wands-10","reversed","shadow","RSK","-1","trốn chạy trách nhiệm phút chót","Bỏ của chạy lấy người khi không thể chịu đựng thêm.","Not exact or fully supported comma/semicolon-separated excerpts; may be paraphrase, expansion, or invention. Requires semantic review."
"quote_not_found","wands.json","478","wands-10","reversed","shadow","INT","-1","mù quáng hy sinh","Mê muội nghĩ rằng mình buông tay thì mọi thứ sẽ sụp đổ.","Not exact or fully supported comma/semicolon-separated excerpts; may be paraphrase, expansion, or invention. Requires semantic review."
"quote_not_found","wands.json","503","wands-11","upright","core","ACT","1","khám phá, học hỏi","Chủ động tìm tòi những điều mới lạ với tâm thế háo hức.","Not exact or fully supported comma/semicolon-separated excerpts; may be paraphrase, expansion, or invention. Requires semantic review."
"quote_not_found","wands.json","503","wands-11","upright","core","EMO","1","tin vui, hân hoan","Tràn đầy nhiệt huyết tuổi trẻ, vui tươi và tràn đầy sức sống.","Not exact or fully supported comma/semicolon-separated excerpts; may be paraphrase, expansion, or invention. Requires semantic review."
"quote_not_found","wands.json","503","wands-11","upright","core","RSK","2","tò mò dấn thân","Không ngại thử nghiệm cái mới, ham học hỏi và dũng cảm.","Not exact or fully supported comma/semicolon-separated excerpts; may be paraphrase, expansion, or invention. Requires semantic review."
"quote_not_found","wands.json","503","wands-11","upright","core","INT","1","thông điệp sáng tạo","Đón nhận những ý tưởng tươi mới như chồi non nảy lộc.","Not exact or fully supported comma/semicolon-separated excerpts; may be paraphrase, expansion, or invention. Requires semantic review."
"quote_not_found","wands.json","503","wands-11","upright","shadow","EMO","1","ngây thơ","Dễ bị cảm xúc hưng phấn ban đầu làm lu mờ thực tế.","Not exact or fully supported comma/semicolon-separated excerpts; may be paraphrase, expansion, or invention. Requires semantic review."
"quote_not_found","wands.json","503","wands-11","upright","shadow","STR","-1","thiếu kinh nghiệm","Còn non nớt trong việc tổ chức và thực thi bài bản.","Not exact or fully supported comma/semicolon-separated excerpts; may be paraphrase, expansion, or invention. Requires semantic review."
"quote_not_found","wands.json","503","wands-11","upright","shadow","RSK","1","liều lĩnh trẻ con","Nghịch ngợm thử lửa mà chưa biết đến nguy cơ bỏng tay.","Not exact or fully supported comma/semicolon-separated excerpts; may be paraphrase, expansion, or invention. Requires semantic review."
"quote_not_found","wands.json","528","wands-11","reversed","core","ACT","0","cần nhìn lại sự phân tâm","Chậm lại để rèn luyện tính kiên nhẫn và tập trung.","Not exact or fully supported comma/semicolon-separated excerpts; may be paraphrase, expansion, or invention. Requires semantic review."
"quote_not_found","wands.json","528","wands-11","reversed","core","STR","1","tìm người hướng dẫn","Cần một người thầy dẫn dắt để đưa vào kỷ luật thực tế.","Not exact or fully supported comma/semicolon-separated excerpts; may be paraphrase, expansion, or invention. Requires semantic review."
"quote_not_found","wands.json","528","wands-11","reversed","core","INT","1","nhận ra sự xao nhãng","Tự nhìn lại để gom nhặt lại sự chú ý bị phân tán.","Not exact or fully supported comma/semicolon-separated excerpts; may be paraphrase, expansion, or invention. Requires semantic review."
"quote_not_found","wands.json","528","wands-11","reversed","shadow","EMO","-1","bực bội, dỗi hờn","Mất kiên nhẫn khi không được chú ý hoặc không có kết quả ngay.","Not exact or fully supported comma/semicolon-separated excerpts; may be paraphrase, expansion, or invention. Requires semantic review."
"fragmented_quote","wands.json","528","wands-11","reversed","shadow","STR","-2","thiếu hướng, xao nhãng","Vô kỷ luật, mất tập trung, đầu voi đuôi chuột.","Every comma/semicolon-separated fragment occurs in source; whole quote is not contiguous."
"quote_not_found","wands.json","528","wands-11","reversed","shadow","RSK","1","bồng bột","Hành động thiếu suy nghĩ gây phiền toái cho người khác.","Not exact or fully supported comma/semicolon-separated excerpts; may be paraphrase, expansion, or invention. Requires semantic review."
"quote_not_found","wands.json","528","wands-11","reversed","shadow","INT","-1","mất phương hướng đam mê","Không biết mình thực sự thích gì, quẩn quanh trong nông nổi.","Not exact or fully supported comma/semicolon-separated excerpts; may be paraphrase, expansion, or invention. Requires semantic review."
"fragmented_quote","wands.json","553","wands-12","upright","core","ACT","2","hành động, nhiệt huyết","Lao đi phi thường như ngọn lửa bùng cháy, dũng mãnh và quyết liệt.","Every comma/semicolon-separated fragment occurs in source; whole quote is not contiguous."
"quote_not_found","wands.json","553","wands-12","upright","core","RSK","2","phiêu lưu, dấn thân","Thích mạo hiểm, sẵn sàng lao vào chiến địa không chút do dự.","Not exact or fully supported comma/semicolon-separated excerpts; may be paraphrase, expansion, or invention. Requires semantic review."
"quote_not_found","wands.json","553","wands-12","upright","shadow","ACT","2","quá đà","Có thể lao nhanh tới mức giẫm đạp lên quy tắc và an toàn.","Not exact or fully supported comma/semicolon-separated excerpts; may be paraphrase, expansion, or invention. Requires semantic review."
"quote_not_found","wands.json","553","wands-12","upright","shadow","STR","-1","thiếu kế hoạch dài hạn","Chỉ giỏi xung trận ngắn hạn, thiếu tính bền bỉ hậu cần.","Not exact or fully supported comma/semicolon-separated excerpts; may be paraphrase, expansion, or invention. Requires semantic review."
"quote_not_found","wands.json","553","wands-12","upright","shadow","RSK","2","liều lĩnh","Nguy cơ đâm đầu vào tường vì quá tự tin vào tốc độ.","Not exact or fully supported comma/semicolon-separated excerpts; may be paraphrase, expansion, or invention. Requires semantic review."
"quote_not_found","wands.json","578","wands-12","reversed","core","ACT","-1","hãm phanh ngựa chiến","Học cách ghìm cương ngọn lửa giận dữ trước khi gây họa.","Not exact or fully supported comma/semicolon-separated excerpts; may be paraphrase, expansion, or invention. Requires semantic review."
"quote_not_found","wands.json","578","wands-12","reversed","core","STR","1","tìm lại sự bình ổn","Cần khuôn khổ kỷ luật để kiềm chế bản tính hoang dã.","Not exact or fully supported comma/semicolon-separated excerpts; may be paraphrase, expansion, or invention. Requires semantic review."
"quote_not_found","wands.json","578","wands-12","reversed","core","RSK","-1","tránh liều lĩnh mù quáng","Nhận ra tác hại của việc đốt cháy giai đoạn.","Not exact or fully supported comma/semicolon-separated excerpts; may be paraphrase, expansion, or invention. Requires semantic review."
"quote_not_found","wands.json","578","wands-12","reversed","core","INT","1","tự vấn cơn giận","Soi rọi lại gốc rễ sự bất ổn và nóng tính của bản thân.","Not exact or fully supported comma/semicolon-separated excerpts; may be paraphrase, expansion, or invention. Requires semantic review."
"quote_not_found","wands.json","578","wands-12","reversed","shadow","ACT","2","bốc đồng, phá hoại","Hành động thiếu kiểm soát, thiêu rụi mọi thứ trên đường đi.","Not exact or fully supported comma/semicolon-separated excerpts; may be paraphrase, expansion, or invention. Requires semantic review."
"quote_not_found","wands.json","578","wands-12","reversed","shadow","EMO","-2","giận dữ, hung hăng","Cáu bẳn, nổi trận lôi đình, bạo lực cảm xúc với người xung quanh.","Not exact or fully supported comma/semicolon-separated excerpts; may be paraphrase, expansion, or invention. Requires semantic review."
"quote_not_found","wands.json","578","wands-12","reversed","shadow","RSK","2","liều lĩnh điên rồ","Đánh cược tất cả vào sự bốc đồng mù quáng.","Not exact or fully supported comma/semicolon-separated excerpts; may be paraphrase, expansion, or invention. Requires semantic review."
"quote_not_found","wands.json","578","wands-12","reversed","shadow","INT","-2","mất trí vì giận","Cơn giận dữ bốc hỏa thiêu rụi hoàn toàn khả năng tư duy sáng suốt.","Not exact or fully supported comma/semicolon-separated excerpts; may be paraphrase, expansion, or invention. Requires semantic review."
"quote_not_found","wands.json","603","wands-13","upright","core","ACT","2","độc lập, hành động cuốn hút","Hành động tự tin, làm chủ hoàn toàn sân khấu cuộc đời mình.","Not exact or fully supported comma/semicolon-separated excerpts; may be paraphrase, expansion, or invention. Requires semantic review."
"quote_not_found","wands.json","603","wands-13","upright","core","EMO","2","hấp dẫn, ấm áp","Thần thái rạng rỡ, quyến rũ, hào phóng và lan tỏa năng lượng tích cực.","Not exact or fully supported comma/semicolon-separated excerpts; may be paraphrase, expansion, or invention. Requires semantic review."
"quote_not_found","wands.json","603","wands-13","upright","core","STR","1","độc lập, bản lĩnh","Có năng lực tự quản và thiết lập ranh giới vững vàng.","Not exact or fully supported comma/semicolon-separated excerpts; may be paraphrase, expansion, or invention. Requires semantic review."
"quote_not_found","wands.json","603","wands-13","upright","core","RSK","2","tự tin tỏa sáng","Không e ngại ánh mắt phán xét, tự hào là chính mình.","Not exact or fully supported comma/semicolon-separated excerpts; may be paraphrase, expansion, or invention. Requires semantic review."
"quote_not_found","wands.json","603","wands-13","upright","core","INT","1","trực giác nhạy bén (hoa hướng dương)","Kết nối tốt với bản năng sống và năng lượng sáng tạo.","Not exact or fully supported comma/semicolon-separated excerpts; may be paraphrase, expansion, or invention. Requires semantic review."
"quote_not_found","wands.json","603","wands-13","upright","shadow","EMO","1","thích là tâm điểm","Có thể muốn mọi sự chú ý phải đổ dồn về mình.","Not exact or fully supported comma/semicolon-separated excerpts; may be paraphrase, expansion, or invention. Requires semantic review."
"quote_not_found","wands.json","603","wands-13","upright","shadow","RSK","1","quá kiêu hãnh","Khó chấp nhận bị người khác xem thường.","Not exact or fully supported comma/semicolon-separated excerpts; may be paraphrase, expansion, or invention. Requires semantic review."
"quote_not_found","wands.json","628","wands-13","reversed","core","ACT","0","cần nhìn lại sự bất an","Chậm lại để chữa lành cảm giác thiếu an toàn bên trong.","Not exact or fully supported comma/semicolon-separated excerpts; may be paraphrase, expansion, or invention. Requires semantic review."
"quote_not_found","wands.json","628","wands-13","reversed","core","EMO","1","chữa lành lòng tự trọng","Tìm lại giá trị thật của bản thân mà không cần phụ thuộc sự khen ngợi.","Not exact or fully supported comma/semicolon-separated excerpts; may be paraphrase, expansion, or invention. Requires semantic review."
"quote_not_found","wands.json","628","wands-13","reversed","core","STR","1","kiểm soát lại cảm xúc","Kìm hãm thói ghen tuông bằng sự thấu hiểu.","Not exact or fully supported comma/semicolon-separated excerpts; may be paraphrase, expansion, or invention. Requires semantic review."
"quote_not_found","wands.json","628","wands-13","reversed","core","INT","1","nhìn rõ sự ích kỷ","Thành thật với lòng mình về nỗi sợ bị lép vế.","Not exact or fully supported comma/semicolon-separated excerpts; may be paraphrase, expansion, or invention. Requires semantic review."
"quote_not_found","wands.json","628","wands-13","reversed","shadow","ACT","1","tranh giành hào quang","Dìm người khác xuống để mình được nổi bật.","Not exact or fully supported comma/semicolon-separated excerpts; may be paraphrase, expansion, or invention. Requires semantic review."
"quote_not_found","wands.json","628","wands-13","reversed","shadow","STR","-1","áp đặt quyền uy","Đòi hỏi người khác phải phục tùng ý muốn cá nhân.","Not exact or fully supported comma/semicolon-separated excerpts; may be paraphrase, expansion, or invention. Requires semantic review."
"quote_not_found","wands.json","628","wands-13","reversed","shadow","RSK","-1","sợ mất vị thế","Bất an sâu sắc về nhan sắc, tài năng hoặc sự chú ý.","Not exact or fully supported comma/semicolon-separated excerpts; may be paraphrase, expansion, or invention. Requires semantic review."
"quote_not_found","wands.json","628","wands-13","reversed","shadow","INT","-1","mất đi vẻ rạng rỡ chân thật","Tâm trí bị vẩn đục bởi sự đố kỵ nhỏ nhen.","Not exact or fully supported comma/semicolon-separated excerpts; may be paraphrase, expansion, or invention. Requires semantic review."
"source_mismatch","wands.json","653","wands-14","upright","","","","","","Từ khóa: lãnh đạo, tầm nhìn, quyết đoán. Ý nghĩa: Nhà Vua Gậy xuôi nhấn mạnh lãnh đạo, tầm nhìn, quyết đoán; hãy liên hệ năng lượng này với vị trí của lá trong trải bài."
"metadata_mismatch","wands.json","653","wands-14","upright","","","","","","cardNameVi"
"fragmented_quote","wands.json","653","wands-14","upright","core","ACT","2","lãnh đạo, quyết đoán","Hành động đỉnh đạc, dứt khoát của một vị tướng lĩnh thống lĩnh chiến trường.","Every comma/semicolon-separated fragment occurs in source; whole quote is not contiguous."
"quote_not_found","wands.json","653","wands-14","upright","core","EMO","1","truyền cảm hứng lãnh đạo","Lôi cuốn mọi người bằng tầm nhìn vĩ đại và lòng dũng cảm.","Not exact or fully supported comma/semicolon-separated excerpts; may be paraphrase, expansion, or invention. Requires semantic review."
"quote_not_found","wands.json","653","wands-14","upright","core","STR","2","lãnh đạo có tầm nhìn","Quản trị đại cục xuất sắc, biến tầm nhìn thành kế hoạch hành động quy mô.","Not exact or fully supported comma/semicolon-separated excerpts; may be paraphrase, expansion, or invention. Requires semantic review."
"quote_not_found","wands.json","653","wands-14","upright","core","RSK","2","quyết đoán, dám nghĩ dám làm","Can trường đứng đầu ngọn sóng, dám chịu trách nhiệm cho đại cuộc.","Not exact or fully supported comma/semicolon-separated excerpts; may be paraphrase, expansion, or invention. Requires semantic review."
"quote_not_found","wands.json","653","wands-14","upright","shadow","ACT","1","hành động độc đoán","Có xu hướng áp đặt mệnh lệnh thép thiếu linh hoạt.","Not exact or fully supported comma/semicolon-separated excerpts; may be paraphrase, expansion, or invention. Requires semantic review."
"quote_not_found","wands.json","653","wands-14","upright","shadow","EMO","-1","nóng nảy","Dễ nổi giận khi cấp dưới không theo kịp tốc độ của mình.","Not exact or fully supported comma/semicolon-separated excerpts; may be paraphrase, expansion, or invention. Requires semantic review."
"quote_not_found","wands.json","653","wands-14","upright","shadow","STR","1","chỉ huy","Có thể trở nên bảo thủ với tầm nhìn của riêng mình.","Not exact or fully supported comma/semicolon-separated excerpts; may be paraphrase, expansion, or invention. Requires semantic review."
"quote_not_found","wands.json","653","wands-14","upright","shadow","RSK","1","tự tin thái quá","Đánh giá thấp đối thủ vì quá tin vào uy quyền của mình.","Not exact or fully supported comma/semicolon-separated excerpts; may be paraphrase, expansion, or invention. Requires semantic review."
"source_mismatch","wands.json","678","wands-14","reversed","","","","","","Từ khóa: độc đoán, hấp tấp, phi thực tế. Ý nghĩa: Nhà Vua Gậy ngược gợi ý độc đoán, hấp tấp, phi thực tế; đây là điểm cần nhìn lại thay vì một kết luận cố định."
"metadata_mismatch","wands.json","678","wands-14","reversed","","","","","","cardNameVi"
"quote_not_found","wands.json","678","wands-14","reversed","core","ACT","0","hạ bớt cái tôi chỉ huy","Lắng nghe ý kiến của tập thể thay vì một mình quyết định.","Not exact or fully supported comma/semicolon-separated excerpts; may be paraphrase, expansion, or invention. Requires semantic review."
"quote_not_found","wands.json","678","wands-14","reversed","core","EMO","1","đồng cảm với cấp dưới","Học cách tôn trọng nhịp độ và cảm xúc của đồng đội.","Not exact or fully supported comma/semicolon-separated excerpts; may be paraphrase, expansion, or invention. Requires semantic review."
"quote_not_found","wands.json","678","wands-14","reversed","core","STR","1","đưa về thực tế","Chỉnh sửa lại các kế hoạch viển vông cho sát sườn hơn.","Not exact or fully supported comma/semicolon-separated excerpts; may be paraphrase, expansion, or invention. Requires semantic review."
"quote_not_found","wands.json","678","wands-14","reversed","core","RSK","-1","tránh hấp tấp","Kìm chế tham vọng bành trướng thiếu cơ sở.","Not exact or fully supported comma/semicolon-separated excerpts; may be paraphrase, expansion, or invention. Requires semantic review."
"quote_not_found","wands.json","678","wands-14","reversed","core","INT","1","tự soi rọi sự độc đoán","Thức tỉnh trước thói ngạo mạn quyền lực của chính mình.","Not exact or fully supported comma/semicolon-separated excerpts; may be paraphrase, expansion, or invention. Requires semantic review."
"quote_not_found","wands.json","678","wands-14","reversed","shadow","ACT","1","hấp tấp, cưỡng ép","Đốt cháy giai đoạn, ép buộc người khác thực hiện ý đồ phi thực tế.","Not exact or fully supported comma/semicolon-separated excerpts; may be paraphrase, expansion, or invention. Requires semantic review."
"quote_not_found","wands.json","678","wands-14","reversed","shadow","EMO","-2","độc đoán, tàn nhẫn","Gia trưởng, trịch thượng, không coi ai ra gì.","Not exact or fully supported comma/semicolon-separated excerpts; may be paraphrase, expansion, or invention. Requires semantic review."
"quote_not_found","wands.json","678","wands-14","reversed","shadow","RSK","2","đánh bạc liều lĩnh","Đưa cả tập thể vào thế nguy hiểm vì cái tôi hiếu chiến.","Not exact or fully supported comma/semicolon-separated excerpts; may be paraphrase, expansion, or invention. Requires semantic review."
"quote_not_found","wands.json","678","wands-14","reversed","shadow","INT","-1","mù quáng trong tham vọng","Mất hoàn toàn sự sáng suốt để phân biệt thực tế và ảo tưởng.","Not exact or fully supported comma/semicolon-separated excerpts; may be paraphrase, expansion, or invention. Requires semantic review."
"fragmented_quote","cups.json","3","cups-01","upright","core","EMO","2","tình cảm mới, mở lòng","Suối nguồn cảm xúc thuần khiết, tình yêu thương dạt dào tuôn chảy.","Every comma/semicolon-separated fragment occurs in source; whole quote is not contiguous."
"quote_not_found","cups.json","3","cups-01","upright","core","RSK","1","dám mở lòng đón nhận","Sẵn sàng đón nhận rung động mới mẻ mà không sợ bị tổn thương.","Not exact or fully supported comma/semicolon-separated excerpts; may be paraphrase, expansion, or invention. Requires semantic review."
"quote_not_found","cups.json","3","cups-01","upright","shadow","EMO","1","quá nhiều cảm xúc","Có thể bị cảm xúc lấn át lý trí trong giai đoạn đầu.","Not exact or fully supported comma/semicolon-separated excerpts; may be paraphrase, expansion, or invention. Requires semantic review."
"quote_not_found","cups.json","3","cups-01","upright","shadow","STR","-1","thiếu ranh giới","Dễ để cảm xúc tràn ly làm mờ nhạt các nguyên tắc thực tế.","Not exact or fully supported comma/semicolon-separated excerpts; may be paraphrase, expansion, or invention. Requires semantic review."
"quote_not_found","cups.json","28","cups-01","reversed","core","EMO","1","tự yêu thương bản thân","Đổ đầy chiếc cốc của chính mình trước khi san sẻ cho người khác.","Not exact or fully supported comma/semicolon-separated excerpts; may be paraphrase, expansion, or invention. Requires semantic review."
"quote_not_found","cups.json","28","cups-01","reversed","core","STR","1","bảo vệ ranh giới tâm lý","Thiết lập lại không gian riêng để chữa lành tổn thương.","Not exact or fully supported comma/semicolon-separated excerpts; may be paraphrase, expansion, or invention. Requires semantic review."
"quote_not_found","cups.json","28","cups-01","reversed","core","INT","1","nhận ra sự trống rỗng","Thấu suốt nguyên nhân khiến tâm hồn bị chai sạn.","Not exact or fully supported comma/semicolon-separated excerpts; may be paraphrase, expansion, or invention. Requires semantic review."
"quote_not_found","cups.json","28","cups-01","reversed","shadow","RSK","-2","sợ bị tổn thương","Kinh hãi trước sự gắn kết vì sợ lại nếm mùi đau đớn.","Not exact or fully supported comma/semicolon-separated excerpts; may be paraphrase, expansion, or invention. Requires semantic review."
"quote_not_found","cups.json","28","cups-01","reversed","shadow","INT","-1","nghẽn trực giác","Tâm trí bị u uất che mờ tiếng nói trực giác nội tâm.","Not exact or fully supported comma/semicolon-separated excerpts; may be paraphrase, expansion, or invention. Requires semantic review."
"metadata_mismatch","cups.json","53","cups-02","upright","","","","","","cardNameEn"
"fragmented_quote","cups.json","53","cups-02","upright","core","ACT","1","kết nối, tương hỗ","Chủ động bắt tay, đối thoại và xây dựng mối quan hệ song phương.","Every comma/semicolon-separated fragment occurs in source; whole quote is not contiguous."
"fragmented_quote","cups.json","53","cups-02","upright","core","EMO","2","hòa hợp, tương hỗ, kết nối","Tình cảm đôi lứa/đối tác hòa quyện, tôn trọng và yêu thương nhau chân thành.","Every comma/semicolon-separated fragment occurs in source; whole quote is not contiguous."
"quote_not_found","cups.json","53","cups-02","upright","core","STR","1","tương hỗ, bình đẳng","Thiết lập mối quan hệ trên nền tảng bình đẳng và cam kết hai chiều.","Not exact or fully supported comma/semicolon-separated excerpts; may be paraphrase, expansion, or invention. Requires semantic review."
"quote_not_found","cups.json","53","cups-02","upright","core","RSK","1","dám cam kết gắn bó","Sẵn sàng chia sẻ cuộc đời và không gian riêng với người khác.","Not exact or fully supported comma/semicolon-separated excerpts; may be paraphrase, expansion, or invention. Requires semantic review."
"quote_not_found","cups.json","53","cups-02","upright","core","INT","1","hòa hợp linh hồn","Linh cảm mãnh liệt về sự đồng điệu giữa hai tâm hồn.","Not exact or fully supported comma/semicolon-separated excerpts; may be paraphrase, expansion, or invention. Requires semantic review."
"quote_not_found","cups.json","53","cups-02","upright","shadow","EMO","1","quấn quýt","Có thể quấn quýt quá mức dẫn tới mất đi sự độc lập cá nhân.","Not exact or fully supported comma/semicolon-separated excerpts; may be paraphrase, expansion, or invention. Requires semantic review."
"metadata_mismatch","cups.json","78","cups-02","reversed","","","","","","cardNameEn"
"quote_not_found","cups.json","78","cups-02","reversed","core","ACT","1","cần nhìn lại để hàn gắn","Chủ động ngồi lại đối thoại để tìm ra khúc mắc.","Not exact or fully supported comma/semicolon-separated excerpts; may be paraphrase, expansion, or invention. Requires semantic review."
"quote_not_found","cups.json","78","cups-02","reversed","core","EMO","1","lấy lại sự thấu hiểu","Học cách hạ cái tôi để lắng nghe nỗi niềm của đối phương.","Not exact or fully supported comma/semicolon-separated excerpts; may be paraphrase, expansion, or invention. Requires semantic review."
"quote_not_found","cups.json","78","cups-02","reversed","core","STR","1","tái lập cân bằng","Chỉnh sửa lại cán cân cho - nhận trong mối quan hệ.","Not exact or fully supported comma/semicolon-separated excerpts; may be paraphrase, expansion, or invention. Requires semantic review."
"quote_not_found","cups.json","78","cups-02","reversed","core","INT","1","nhìn thấy sự xa cách","Nhận ra vết nứt trước khi nó trở thành vực thẳm chia cắt.","Not exact or fully supported comma/semicolon-separated excerpts; may be paraphrase, expansion, or invention. Requires semantic review."
"fragmented_quote","cups.json","78","cups-02","reversed","shadow","EMO","-2","mất cân bằng, căng thẳng","Bất đồng sâu sắc, oán hận, cảm giác không được tôn trọng hoặc bị lợi dụng.","Every comma/semicolon-separated fragment occurs in source; whole quote is not contiguous."
"quote_not_found","cups.json","78","cups-02","reversed","shadow","STR","-1","mất cân bằng cho nhận","Mối quan hệ lệch pha, một bên cho quá nhiều còn bên kia hời hợt.","Not exact or fully supported comma/semicolon-separated excerpts; may be paraphrase, expansion, or invention. Requires semantic review."
"quote_not_found","cups.json","78","cups-02","reversed","shadow","RSK","-1","sợ đổ vỡ","Không dám nói thật cảm xúc khiến mâu thuẫn âm ỉ kéo dài.","Not exact or fully supported comma/semicolon-separated excerpts; may be paraphrase, expansion, or invention. Requires semantic review."
"quote_not_found","cups.json","78","cups-02","reversed","shadow","INT","-1","hiểu lầm nhau","Tâm trí suy diễn ác ý, bóp méo ý tốt của đối phương.","Not exact or fully supported comma/semicolon-separated excerpts; may be paraphrase, expansion, or invention. Requires semantic review."
"metadata_mismatch","cups.json","103","cups-03","upright","","","","","","cardNameEn"
"quote_not_found","cups.json","103","cups-03","upright","core","ACT","1","niềm vui hội ngộ","Tụ họp, gặp gỡ, nâng ly chúc mừng thành quả chung.","Not exact or fully supported comma/semicolon-separated excerpts; may be paraphrase, expansion, or invention. Requires semantic review."
"quote_not_found","cups.json","103","cups-03","upright","core","STR","1","cộng đồng hòa thuận","Mạng lưới hỗ trợ xã hội gắn kết và hỗ trợ lẫn nhau.","Not exact or fully supported comma/semicolon-separated excerpts; may be paraphrase, expansion, or invention. Requires semantic review."
"quote_not_found","cups.json","103","cups-03","upright","core","RSK","0","an toàn trong vòng tay bè bạn","Tìm thấy sự nâng đỡ và chở che trong tình bạn ấm áp.","Not exact or fully supported comma/semicolon-separated excerpts; may be paraphrase, expansion, or invention. Requires semantic review."
"quote_not_found","cups.json","103","cups-03","upright","core","INT","1","đồng điệu cảm xúc","Cảm nhận sự thiêng liêng của tình chị em/anh em tâm giao.","Not exact or fully supported comma/semicolon-separated excerpts; may be paraphrase, expansion, or invention. Requires semantic review."
"quote_not_found","cups.json","103","cups-03","upright","shadow","EMO","1","vui chơi","Có thể mải mê tiệc tùng bù khú lơ là công việc chính.","Not exact or fully supported comma/semicolon-separated excerpts; may be paraphrase, expansion, or invention. Requires semantic review."
"quote_not_found","cups.json","103","cups-03","upright","shadow","STR","-1","buông thả","Dễ phá vỡ thói quen kỷ luật vì vui chơi quá đà.","Not exact or fully supported comma/semicolon-separated excerpts; may be paraphrase, expansion, or invention. Requires semantic review."
"metadata_mismatch","cups.json","128","cups-03","reversed","","","","","","cardNameEn"
"quote_not_found","cups.json","128","cups-03","reversed","core","ACT","-1","rút lui khỏi đám đông ồn ào","Chủ động tách mình khỏi những hội nhóm vô bổ.","Not exact or fully supported comma/semicolon-separated excerpts; may be paraphrase, expansion, or invention. Requires semantic review."
"quote_not_found","cups.json","128","cups-03","reversed","core","EMO","1","chắt lọc bạn bè","Tìm về những mối quan hệ thực chất thay vì số lượng bề nổi.","Not exact or fully supported comma/semicolon-separated excerpts; may be paraphrase, expansion, or invention. Requires semantic review."
"quote_not_found","cups.json","128","cups-03","reversed","core","STR","1","đặt lại ranh giới xã giao","Tránh xa những buổi nhậu nhẹt và lời đồn đại thị phi.","Not exact or fully supported comma/semicolon-separated excerpts; may be paraphrase, expansion, or invention. Requires semantic review."
"quote_not_found","cups.json","128","cups-03","reversed","core","INT","1","nhìn rõ sự giả tạo","Thấu suốt những gương mặt bằng mặt không bằng lòng.","Not exact or fully supported comma/semicolon-separated excerpts; may be paraphrase, expansion, or invention. Requires semantic review."
"quote_not_found","cups.json","128","cups-03","reversed","shadow","EMO","-2","cô lập, lời đồn, thị phi","Bị nhóm bạn cô lập, trở thành nạn nhân của thói buôn chuyện gièm pha.","Not exact or fully supported comma/semicolon-separated excerpts; may be paraphrase, expansion, or invention. Requires semantic review."
"quote_not_found","cups.json","128","cups-03","reversed","shadow","RSK","-1","sợ bị tẩy chay","Cố ép mình hòa nhập vào nhóm độc hại vì sợ đơn độc.","Not exact or fully supported comma/semicolon-separated excerpts; may be paraphrase, expansion, or invention. Requires semantic review."
"quote_not_found","cups.json","128","cups-03","reversed","shadow","INT","-1","bị lừa gạt bởi vẻ hào nhoáng","Mất cảnh giác trước những kẻ cơ hội đội lốt bạn bè.","Not exact or fully supported comma/semicolon-separated excerpts; may be paraphrase, expansion, or invention. Requires semantic review."
"metadata_mismatch","cups.json","153","cups-04","upright","","","","","","cardNameEn"
"quote_not_found","cups.json","153","cups-04","upright","core","ACT","-1","ngồi dưới gốc cây, tĩnh lặng","Tạm từ chối các cơ hội bên ngoài để lắng đọng nội tâm.","Not exact or fully supported comma/semicolon-separated excerpts; may be paraphrase, expansion, or invention. Requires semantic review."
"quote_not_found","cups.json","153","cups-04","upright","core","STR","1","xem xét kỹ","Thận trọng đánh giá giá trị thực chất của những lời mời mọc.","Not exact or fully supported comma/semicolon-separated excerpts; may be paraphrase, expansion, or invention. Requires semantic review."
"quote_not_found","cups.json","153","cups-04","upright","core","RSK","-1","chưa nhận chiếc cốc mới","Thận trọng, không hấp tấp nhận quà khi chưa rõ mục đích.","Not exact or fully supported comma/semicolon-separated excerpts; may be paraphrase, expansion, or invention. Requires semantic review."
"quote_not_found","cups.json","153","cups-04","upright","core","INT","2","chiêm nghiệm, tự vấn","Thời gian quý giá để tự hỏi điều gì thực sự đem lại hạnh phúc.","Not exact or fully supported comma/semicolon-separated excerpts; may be paraphrase, expansion, or invention. Requires semantic review."
"quote_not_found","cups.json","153","cups-04","upright","shadow","ACT","-2","thờ ơ, bất động","Khoanh tay ngồi ủ rũ, từ chối mọi sự giúp đỡ.","Not exact or fully supported comma/semicolon-separated excerpts; may be paraphrase, expansion, or invention. Requires semantic review."
"quote_not_found","cups.json","153","cups-04","upright","shadow","EMO","-2","chán chường, thờ ơ","Lãnh cảm, mất hứng thú với cuộc sống, ngậm ngùi bất mãn.","Not exact or fully supported comma/semicolon-separated excerpts; may be paraphrase, expansion, or invention. Requires semantic review."
"quote_not_found","cups.json","153","cups-04","upright","shadow","STR","-1","bế tắc","Kẹt trong tâm trạng ủ dột, bỏ bê nhiệm vụ hàng ngày.","Not exact or fully supported comma/semicolon-separated excerpts; may be paraphrase, expansion, or invention. Requires semantic review."
"quote_not_found","cups.json","153","cups-04","upright","shadow","RSK","-1","mù quáng từ chối cơ hội","Không nhìn thấy chiếc cốc vũ trụ đang chìa ra ngay trước mặt.","Not exact or fully supported comma/semicolon-separated excerpts; may be paraphrase, expansion, or invention. Requires semantic review."
"quote_not_found","cups.json","153","cups-04","upright","shadow","INT","-1","quẩn quanh trong nỗi chán nản","Để sự uể oải che mờ mắt trước những phép màu cuộc sống.","Not exact or fully supported comma/semicolon-separated excerpts; may be paraphrase, expansion, or invention. Requires semantic review."
"metadata_mismatch","cups.json","178","cups-04","reversed","","","","","","cardNameEn"
"quote_not_found","cups.json","178","cups-04","reversed","core","ACT","2","đứng dậy, tiếp nhận cơ hội mới","Đứng dậy khỏi gốc cây u ám, chủ động với tay đón lấy chiếc cốc mới.","Not exact or fully supported comma/semicolon-separated excerpts; may be paraphrase, expansion, or invention. Requires semantic review."
"quote_not_found","cups.json","178","cups-04","reversed","core","EMO","2","thức tỉnh, mở lòng tiếp nhận","Thoát khỏi cơn trầm cảm, tìm lại niềm vui và cảm hứng sống.","Not exact or fully supported comma/semicolon-separated excerpts; may be paraphrase, expansion, or invention. Requires semantic review."
"quote_not_found","cups.json","178","cups-04","reversed","core","STR","1","tái hòa nhập","Bắt đầu sắp xếp lại cuộc sống để đón luồng sinh khí mới.","Not exact or fully supported comma/semicolon-separated excerpts; may be paraphrase, expansion, or invention. Requires semantic review."
"quote_not_found","cups.json","178","cups-04","reversed","core","RSK","2","dám đón nhận cơ hội mới","Can đảm bước ra khỏi sự tự thương hại để nắm bắt vận may.","Not exact or fully supported comma/semicolon-separated excerpts; may be paraphrase, expansion, or invention. Requires semantic review."
"quote_not_found","cups.json","178","cups-04","reversed","core","INT","2","thức tỉnh tâm trí","Bừng tỉnh ngộ, nhận ra cuộc đời còn vô vàn điều đáng sống.","Not exact or fully supported comma/semicolon-separated excerpts; may be paraphrase, expansion, or invention. Requires semantic review."
"quote_not_found","cups.json","178","cups-04","reversed","shadow","RSK","1","hấp tấp sau thời gian dài bị kìm nén","Có thể vồ vập lấy cơ hội mới quá nhanh mà chưa kịp sàng lọc.","Not exact or fully supported comma/semicolon-separated excerpts; may be paraphrase, expansion, or invention. Requires semantic review."
"metadata_mismatch","cups.json","203","cups-05","upright","","","","","","cardNameEn"
"quote_not_found","cups.json","203","cups-05","upright","core","ACT","0","dành thời gian tiếc thương","Tôn trọng tiến trình đau buồn tự nhiên sau mất mát.","Not exact or fully supported comma/semicolon-separated excerpts; may be paraphrase, expansion, or invention. Requires semantic review."
"quote_not_found","cups.json","203","cups-05","upright","core","INT","1","vẫn còn 2 chiếc cốc sau lưng","Bắt đầu le lói nhận thức rằng không phải mọi thứ đều mất hết.","Not exact or fully supported comma/semicolon-separated excerpts; may be paraphrase, expansion, or invention. Requires semantic review."
"quote_not_found","cups.json","203","cups-05","upright","shadow","ACT","-2","chìm đắm trong đau buồn","Tê liệt hành vi, cúi đầu than khóc không thể nhúc nhích.","Not exact or fully supported comma/semicolon-separated excerpts; may be paraphrase, expansion, or invention. Requires semantic review."
"quote_not_found","cups.json","203","cups-05","upright","shadow","EMO","-2","mất mát, buồn đau, tuyệt vọng","Đau khổ tột cùng, ám ảnh bởi sự đổ vỡ và thất bại quá khứ.","Not exact or fully supported comma/semicolon-separated excerpts; may be paraphrase, expansion, or invention. Requires semantic review."
"quote_not_found","cups.json","203","cups-05","upright","shadow","STR","-1","đổ vỡ hoàn toàn","Cấu trúc cuộc sống bị xáo trộn nặng nề sau biến cố.","Not exact or fully supported comma/semicolon-separated excerpts; may be paraphrase, expansion, or invention. Requires semantic review."
"quote_not_found","cups.json","203","cups-05","upright","shadow","RSK","-2","sợ hãi tương lai","Bi quan cùng cực, tin rằng mình sẽ không bao giờ hạnh phúc nữa.","Not exact or fully supported comma/semicolon-separated excerpts; may be paraphrase, expansion, or invention. Requires semantic review."
"quote_not_found","cups.json","203","cups-05","upright","shadow","INT","-2","chỉ nhìn vào 3 chiếc cốc đổ","Mù quáng trước hy vọng, không thèm quay đầu nhìn 2 chiếc cốc còn nguyên.","Not exact or fully supported comma/semicolon-separated excerpts; may be paraphrase, expansion, or invention. Requires semantic review."
"metadata_mismatch","cups.json","228","cups-05","reversed","","","","","","cardNameEn"
"quote_not_found","cups.json","228","cups-05","reversed","core","ACT","2","bước tiếp, qua cầu","Quay lưng lại với đống đổ vỡ, bước qua cây cầu tiến về lâu đài phía trước.","Not exact or fully supported comma/semicolon-separated excerpts; may be paraphrase, expansion, or invention. Requires semantic review."
"quote_not_found","cups.json","228","cups-05","reversed","core","STR","1","bảo tồn 2 chiếc cốc còn lại","Trân trọng những nguồn lực và mối quan hệ còn sót lại.","Not exact or fully supported comma/semicolon-separated excerpts; may be paraphrase, expansion, or invention. Requires semantic review."
"quote_not_found","cups.json","228","cups-05","reversed","core","RSK","2","dũng khí bước tiếp","Can trường đứng dậy sau cú ngã để làm lại cuộc đời.","Not exact or fully supported comma/semicolon-separated excerpts; may be paraphrase, expansion, or invention. Requires semantic review."
"quote_not_found","cups.json","228","cups-05","reversed","core","INT","2","thấu suốt bài học mất mát","Giác ngộ sâu sắc rằng mất mát là một phần tất yếu của sự trưởng thành.","Not exact or fully supported comma/semicolon-separated excerpts; may be paraphrase, expansion, or invention. Requires semantic review."
"quote_not_found","cups.json","228","cups-05","reversed","shadow","EMO","-1","vết sẹo còn âm ỉ","Đôi khi vẫn chạnh lòng nhớ về người cũ/chuyện xưa.","Not exact or fully supported comma/semicolon-separated excerpts; may be paraphrase, expansion, or invention. Requires semantic review."
"metadata_mismatch","cups.json","253","cups-06","upright","","","","","","cardNameEn"
"quote_not_found","cups.json","253","cups-06","upright","core","ACT","1","trao tặng hoa, kết nối lại","Hành động tặng quà hồn nhiên, kết nối lại với bạn cũ thời thơ ấu.","Not exact or fully supported comma/semicolon-separated excerpts; may be paraphrase, expansion, or invention. Requires semantic review."
"quote_not_found","cups.json","253","cups-06","upright","core","EMO","2","ngây thơ, ngọt ngào, hoài niệm","Tình cảm trong sáng, vô tư lự, ấm áp như tình yêu thời thơ ấu.","Not exact or fully supported comma/semicolon-separated excerpts; may be paraphrase, expansion, or invention. Requires semantic review."
"quote_not_found","cups.json","253","cups-06","upright","core","STR","1","gắn kết cội nguồn","Tôn vinh cội nguồn và những giá trị truyền thống gia đình tốt đẹp.","Not exact or fully supported comma/semicolon-separated excerpts; may be paraphrase, expansion, or invention. Requires semantic review."
"quote_not_found","cups.json","253","cups-06","upright","core","RSK","0","an toàn trong ký ức","Tìm về chốn bình yên quen thuộc để nạp lại năng lượng tinh thần.","Not exact or fully supported comma/semicolon-separated excerpts; may be paraphrase, expansion, or invention. Requires semantic review."
"quote_not_found","cups.json","253","cups-06","upright","core","INT","1","ký ức chữa lành","Đánh thức đứa trẻ bên trong để tìm lại bản ngã thuần khiết.","Not exact or fully supported comma/semicolon-separated excerpts; may be paraphrase, expansion, or invention. Requires semantic review."
"quote_not_found","cups.json","253","cups-06","upright","shadow","ACT","-1","mơ màng về quá khứ","Có thể mãi ngắm nhìn hoa quá khứ mà quên đi nhiệm vụ hiện tại.","Not exact or fully supported comma/semicolon-separated excerpts; may be paraphrase, expansion, or invention. Requires semantic review."
"quote_not_found","cups.json","253","cups-06","upright","shadow","EMO","1","quá hoài niệm","Lãng mạn hóa quá khứ một cách phi thực tế.","Not exact or fully supported comma/semicolon-separated excerpts; may be paraphrase, expansion, or invention. Requires semantic review."
"quote_not_found","cups.json","253","cups-06","upright","shadow","RSK","-1","sợ thế giới người lớn","Muốn trốn tránh trách nhiệm của người trưởng thành.","Not exact or fully supported comma/semicolon-separated excerpts; may be paraphrase, expansion, or invention. Requires semantic review."
"metadata_mismatch","cups.json","278","cups-06","reversed","","","","","","cardNameEn"
"quote_not_found","cups.json","278","cups-06","reversed","core","ACT","2","bước ra đời thực, trưởng thành","Chủ động rời khỏi sân chơi trẻ thơ để bước vào thế giới người lớn độc lập.","Not exact or fully supported comma/semicolon-separated excerpts; may be paraphrase, expansion, or invention. Requires semantic review."
"quote_not_found","cups.json","278","cups-06","reversed","core","EMO","1","độc lập tình cảm","Cắt đứt sự phụ thuộc tâm lý vào gia đình hoặc tình cũ.","Not exact or fully supported comma/semicolon-separated excerpts; may be paraphrase, expansion, or invention. Requires semantic review."
"quote_not_found","cups.json","278","cups-06","reversed","core","STR","2","trách nhiệm trưởng thành","Thiết lập cấu trúc cuộc sống tự chủ, chịu trách nhiệm cho tương lai.","Not exact or fully supported comma/semicolon-separated excerpts; may be paraphrase, expansion, or invention. Requires semantic review."
"quote_not_found","cups.json","278","cups-06","reversed","core","RSK","2","dám rời bỏ quá khứ êm ấm","Can đảm bước vào cuộc cạnh tranh thực tế mà không cần bao bọc.","Not exact or fully supported comma/semicolon-separated excerpts; may be paraphrase, expansion, or invention. Requires semantic review."
"quote_not_found","cups.json","278","cups-06","reversed","core","INT","2","tỉnh thức trước thực tại","Nhận ra rằng quá khứ đã qua và hiện tại mới là nơi tạo ra số phận.","Not exact or fully supported comma/semicolon-separated excerpts; may be paraphrase, expansion, or invention. Requires semantic review."
"quote_not_found","cups.json","278","cups-06","reversed","shadow","ACT","-1","kẹt lại","Bị giam cầm trong những hoài niệm vàng son không thể dứt ra.","Not exact or fully supported comma/semicolon-separated excerpts; may be paraphrase, expansion, or invention. Requires semantic review."
"quote_not_found","cups.json","278","cups-06","reversed","shadow","EMO","-2","kẹt trong quá khứ, bi lụy","Sống mòn mỏi bằng hồi ức, từ chối đón nhận tình cảm hiện tại.","Not exact or fully supported comma/semicolon-separated excerpts; may be paraphrase, expansion, or invention. Requires semantic review."
"quote_not_found","cups.json","278","cups-06","reversed","shadow","STR","-1","tâm lý trẻ con","Nũng nịu, từ chối lớn lên và trốn tránh nghĩa vụ công dân.","Not exact or fully supported comma/semicolon-separated excerpts; may be paraphrase, expansion, or invention. Requires semantic review."
"quote_not_found","cups.json","278","cups-06","reversed","shadow","RSK","-2","sợ tương lai","Khiếp sợ trước tuổi già và trách nhiệm cuộc sống.","Not exact or fully supported comma/semicolon-separated excerpts; may be paraphrase, expansion, or invention. Requires semantic review."
"quote_not_found","cups.json","278","cups-06","reversed","shadow","INT","-1","mơ mộng hão huyền","So sánh khập khiễng hiện tại với một quá khứ được tô vẽ quá đà.","Not exact or fully supported comma/semicolon-separated excerpts; may be paraphrase, expansion, or invention. Requires semantic review."
"metadata_mismatch","cups.json","303","cups-07","upright","","","","","","cardNameEn"
"quote_not_found","cups.json","303","cups-07","upright","core","ACT","0","đứng cân nhắc giữa các đám mây","Chưa hành động vội, mở rộng trí tưởng tượng và các kịch bản.","Not exact or fully supported comma/semicolon-separated excerpts; may be paraphrase, expansion, or invention. Requires semantic review."
"quote_not_found","cups.json","303","cups-07","upright","core","EMO","1","tưởng tượng phong phú","Trí tưởng tượng bay bổng, ấp ủ nhiều ước mơ rực rỡ.","Not exact or fully supported comma/semicolon-separated excerpts; may be paraphrase, expansion, or invention. Requires semantic review."
"quote_not_found","cups.json","303","cups-07","upright","core","STR","-1","nhiều lựa chọn trên mây","Chưa có cấu trúc ưu tiên cụ thể, mọi thứ còn ở dạng tiềm năng.","Not exact or fully supported comma/semicolon-separated excerpts; may be paraphrase, expansion, or invention. Requires semantic review."
"quote_not_found","cups.json","303","cups-07","upright","core","RSK","1","dám mơ lớn","Cởi mở với nhiều khả năng phi thường khác nhau.","Not exact or fully supported comma/semicolon-separated excerpts; may be paraphrase, expansion, or invention. Requires semantic review."
"quote_not_found","cups.json","303","cups-07","upright","core","INT","1","khám phá khát vọng nội tâm","Soi chiếu xem linh hồn mình thực sự khao khát điều gì nhất.","Not exact or fully supported comma/semicolon-separated excerpts; may be paraphrase, expansion, or invention. Requires semantic review."
"quote_not_found","cups.json","303","cups-07","upright","shadow","ACT","-1","xây lâu đài trên cát","Chỉ biết mơ mà không chịu làm, ảo tưởng sức mạnh.","Not exact or fully supported comma/semicolon-separated excerpts; may be paraphrase, expansion, or invention. Requires semantic review."
"quote_not_found","cups.json","303","cups-07","upright","shadow","EMO","-1","bị cám dỗ","Bị lòng tham và dục vọng lung lạc trước những hứa hẹn hão huyền.","Not exact or fully supported comma/semicolon-separated excerpts; may be paraphrase, expansion, or invention. Requires semantic review."
"quote_not_found","cups.json","303","cups-07","upright","shadow","STR","-2","hỗn loạn lựa chọn","Bội thực phương án, đẽo cày giữa đường không biết đi đâu.","Not exact or fully supported comma/semicolon-separated excerpts; may be paraphrase, expansion, or invention. Requires semantic review."
"quote_not_found","cups.json","303","cups-07","upright","shadow","INT","-2","ảo giác che mờ thực tế","Chìm sâu vào hoang tưởng, không phân biệt nổi thực và hư.","Not exact or fully supported comma/semicolon-separated excerpts; may be paraphrase, expansion, or invention. Requires semantic review."
"metadata_mismatch","cups.json","328","cups-07","reversed","","","","","","cardNameEn"
"quote_not_found","cups.json","328","cups-07","reversed","core","ACT","2","rõ chọn lựa, hành động thực tế","Hạ cánh xuống mặt đất, chọn đúng một mục tiêu và tập trung thực thi.","Not exact or fully supported comma/semicolon-separated excerpts; may be paraphrase, expansion, or invention. Requires semantic review."
"quote_not_found","cups.json","328","cups-07","reversed","core","EMO","1","thanh thản thoát khỏi cám dỗ","Lòng nhẹ nhõm khi không còn bị hoa mắt bởi những thứ phù phiếm.","Not exact or fully supported comma/semicolon-separated excerpts; may be paraphrase, expansion, or invention. Requires semantic review."
"fragmented_quote","cups.json","328","cups-07","reversed","core","STR","2","thực tế, rõ chọn lựa","Thiết lập kế hoạch khả thi dựa trên các dữ kiện đo đếm được.","Every comma/semicolon-separated fragment occurs in source; whole quote is not contiguous."
"quote_not_found","cups.json","328","cups-07","reversed","core","RSK","1","chấp nhận hy sinh các lựa chọn phụ","Can đảm gạt bỏ những cám dỗ phù phiếm để theo đuổi mục tiêu cốt lõi.","Not exact or fully supported comma/semicolon-separated excerpts; may be paraphrase, expansion, or invention. Requires semantic review."
"quote_not_found","cups.json","328","cups-07","reversed","core","INT","2","ảo tưởng tan biến, trí tuệ sáng tỏ","Màn sương tan biến, trực giác chỉ thẳng vào điều có giá trị thật.","Not exact or fully supported comma/semicolon-separated excerpts; may be paraphrase, expansion, or invention. Requires semantic review."
"quote_not_found","cups.json","328","cups-07","reversed","shadow","EMO","-1","hụt hẫng sau vỡ mộng","Hơi buồn khi nhận ra các giấc mơ kỳ vĩ chỉ là bánh vẽ.","Not exact or fully supported comma/semicolon-separated excerpts; may be paraphrase, expansion, or invention. Requires semantic review."
"metadata_mismatch","cups.json","353","cups-08","upright","","","","","","cardNameEn"
"quote_not_found","cups.json","353","cups-08","upright","core","ACT","2","rời đi, cất bước","Quay lưng cất bước lên núi trong đêm trăng, dứt khoát ra đi.","Not exact or fully supported comma/semicolon-separated excerpts; may be paraphrase, expansion, or invention. Requires semantic review."
"quote_not_found","cups.json","353","cups-08","upright","core","EMO","0","vỡ mộng nhưng chấp nhận","Biết rằng những chiếc cốc xếp đẹp đẽ này không còn mang lại sự trọn vẹn.","Not exact or fully supported comma/semicolon-separated excerpts; may be paraphrase, expansion, or invention. Requires semantic review."
"quote_not_found","cups.json","353","cups-08","upright","core","STR","-1","bỏ lại cấu trúc cũ","Để lại sau lưng những thành quả vật chất để đi tìm chân lý tinh thần.","Not exact or fully supported comma/semicolon-separated excerpts; may be paraphrase, expansion, or invention. Requires semantic review."
"quote_not_found","cups.json","353","cups-08","upright","core","RSK","2","tìm kiếm chân trời cao hơn","Dũng cảm bước vào đêm tối vô định để tìm ý nghĩa cuộc đời.","Not exact or fully supported comma/semicolon-separated excerpts; may be paraphrase, expansion, or invention. Requires semantic review."
"quote_not_found","cups.json","353","cups-08","upright","core","INT","2","tìm kiếm ý nghĩa tinh thần","Hành trình tìm về chiều sâu tâm linh đích thực vượt trên vật chất.","Not exact or fully supported comma/semicolon-separated excerpts; may be paraphrase, expansion, or invention. Requires semantic review."
"quote_not_found","cups.json","353","cups-08","upright","shadow","ACT","1","bỏ đi","Có thể là hành vi trốn chạy vấn đề thay vì đối diện tháo gỡ.","Not exact or fully supported comma/semicolon-separated excerpts; may be paraphrase, expansion, or invention. Requires semantic review."
"quote_not_found","cups.json","353","cups-08","upright","shadow","EMO","-1","vỡ mộng, cay đắng","Nỗi cô đơn và thất vọng về những gì mình từng dày công xây đắp.","Not exact or fully supported comma/semicolon-separated excerpts; may be paraphrase, expansion, or invention. Requires semantic review."
"quote_not_found","cups.json","353","cups-08","upright","shadow","RSK","1","phiêu bạt","Nguy cơ trở thành kẻ lang bạt vô định không bến đỗ.","Not exact or fully supported comma/semicolon-separated excerpts; may be paraphrase, expansion, or invention. Requires semantic review."
"metadata_mismatch","cups.json","378","cups-08","reversed","","","","","","cardNameEn"
"quote_not_found","cups.json","378","cups-08","reversed","core","ACT","0","nhận ra sự mắc kẹt","Ý thức được đôi chân đang bị níu giữ để chuẩn bị bứt phá.","Not exact or fully supported comma/semicolon-separated excerpts; may be paraphrase, expansion, or invention. Requires semantic review."
"quote_not_found","cups.json","378","cups-08","reversed","core","STR","1","chuẩn bị hành trang kỹ hơn","Lên kế hoạch rời đi chu đáo thay vì bốc đồng bỏ chạy.","Not exact or fully supported comma/semicolon-separated excerpts; may be paraphrase, expansion, or invention. Requires semantic review."
"quote_not_found","cups.json","378","cups-08","reversed","core","RSK","1","vượt qua nỗi sợ rời bỏ","Từng bước rèn luyện dũng khí để buông tay những thứ đã hỏng.","Not exact or fully supported comma/semicolon-separated excerpts; may be paraphrase, expansion, or invention. Requires semantic review."
"quote_not_found","cups.json","378","cups-08","reversed","core","INT","1","nhìn thẳng vào sự né tránh","Thành thật thừa nhận rằng mình đang sợ bóng đêm và sự cô đơn.","Not exact or fully supported comma/semicolon-separated excerpts; may be paraphrase, expansion, or invention. Requires semantic review."
"quote_not_found","cups.json","378","cups-08","reversed","shadow","ACT","-2","mắc kẹt, không dám đi","Chân chôn chặt một chỗ, cam chịu sống mòn trong sự vô nghĩa.","Not exact or fully supported comma/semicolon-separated excerpts; may be paraphrase, expansion, or invention. Requires semantic review."
"quote_not_found","cups.json","378","cups-08","reversed","shadow","EMO","-2","sợ rời bỏ, bất an","Bám víu tuyệt vọng vào chiếc cốc rỗng vì sợ sự trống trải.","Not exact or fully supported comma/semicolon-separated excerpts; may be paraphrase, expansion, or invention. Requires semantic review."
"quote_not_found","cups.json","378","cups-08","reversed","shadow","STR","-1","mắc kẹt trong lối mòn","Không thể tái thiết cuộc sống vì thiếu quyết đoán.","Not exact or fully supported comma/semicolon-separated excerpts; may be paraphrase, expansion, or invention. Requires semantic review."
"quote_not_found","cups.json","378","cups-08","reversed","shadow","RSK","-2","sợ bóng đêm vô định","Hèn nhát, thà chịu đựng sự đau khổ quen thuộc còn hơn mạo hiểm tìm hạnh phúc mới.","Not exact or fully supported comma/semicolon-separated excerpts; may be paraphrase, expansion, or invention. Requires semantic review."
"quote_not_found","cups.json","378","cups-08","reversed","shadow","INT","-1","lừa dối lương tâm","Cố tự thuyết phục mình rằng chiếc cốc rỗng vẫn còn nước ngọt.","Not exact or fully supported comma/semicolon-separated excerpts; may be paraphrase, expansion, or invention. Requires semantic review."
"metadata_mismatch","cups.json","403","cups-09","upright","","","","","","cardNameEn"
"quote_not_found","cups.json","403","cups-09","upright","core","ACT","1","khoanh tay tận hưởng thành quả","Ngồi vững vàng tận hưởng điều ước đã trở thành hiện thực.","Not exact or fully supported comma/semicolon-separated excerpts; may be paraphrase, expansion, or invention. Requires semantic review."
"fragmented_quote","cups.json","403","cups-09","upright","core","EMO","2","mãn nguyện, đủ đầy","Hạnh phúc trọn vẹn, thỏa mãn tâm nguyện, an nhiên tự tại.","Every comma/semicolon-separated fragment occurs in source; whole quote is not contiguous."
"quote_not_found","cups.json","403","cups-09","upright","core","STR","2","chín chiếc cốc xếp ngay ngắn","Thành tựu được trưng bày hoàn hảo, vững chãi và trật tự.","Not exact or fully supported comma/semicolon-separated excerpts; may be paraphrase, expansion, or invention. Requires semantic review."
"quote_not_found","cups.json","403","cups-09","upright","core","RSK","0","an nhiên sung túc","Độ an toàn cao độ, không còn mối lo thiếu thốn rình rập.","Not exact or fully supported comma/semicolon-separated excerpts; may be paraphrase, expansion, or invention. Requires semantic review."
"quote_not_found","cups.json","403","cups-09","upright","core","INT","1","ước muốn thành tựu","Hiểu rõ sức mạnh của luật hấp dẫn và tâm tưởng sự thành.","Not exact or fully supported comma/semicolon-separated excerpts; may be paraphrase, expansion, or invention. Requires semantic review."
"quote_not_found","cups.json","403","cups-09","upright","shadow","EMO","1","tự mãn","Có thể thỏa mãn một mình mà quên chia sẻ với xung quanh.","Not exact or fully supported comma/semicolon-separated excerpts; may be paraphrase, expansion, or invention. Requires semantic review."
"quote_not_found","cups.json","403","cups-09","upright","shadow","RSK","-1","ngủ quên trong tiện nghi","Ngại vận động thêm vì đang quá ấm êm.","Not exact or fully supported comma/semicolon-separated excerpts; may be paraphrase, expansion, or invention. Requires semantic review."
"metadata_mismatch","cups.json","428","cups-09","reversed","","","","","","cardNameEn"
"quote_not_found","cups.json","428","cups-09","reversed","core","ACT","0","cần nhìn lại thói tham cầu","Dừng lại việc tích trữ lòng tham vô đáy.","Not exact or fully supported comma/semicolon-separated excerpts; may be paraphrase, expansion, or invention. Requires semantic review."
"quote_not_found","cups.json","428","cups-09","reversed","core","EMO","1","học cách biết đủ","Tìm kiếm sự đủ đầy từ bên trong tâm hồn thay vì đồ chơi vật chất.","Not exact or fully supported comma/semicolon-separated excerpts; may be paraphrase, expansion, or invention. Requires semantic review."
"quote_not_found","cups.json","428","cups-09","reversed","core","STR","1","điều độ lại thói quen","Cắt giảm sự nuông chiều bản thân quá mức.","Not exact or fully supported comma/semicolon-separated excerpts; may be paraphrase, expansion, or invention. Requires semantic review."
"quote_not_found","cups.json","428","cups-09","reversed","core","INT","2","nhận ra sự trống rỗng sau khi đạt được","Giác ngộ rằng tiền bạc hay danh vọng không lấp đầy được lỗ hổng tâm linh.","Not exact or fully supported comma/semicolon-separated excerpts; may be paraphrase, expansion, or invention. Requires semantic review."
"quote_not_found","cups.json","428","cups-09","reversed","shadow","ACT","1","vơ vét hưởng thụ","Chạy theo khoái lạc giác quan tầm thường vô độ.","Not exact or fully supported comma/semicolon-separated excerpts; may be paraphrase, expansion, or invention. Requires semantic review."
"fragmented_quote","cups.json","428","cups-09","reversed","shadow","EMO","-2","trống rỗng, chưa đủ, tham cầu","Hố sâu bất mãn, càng vơ vét càng cảm thấy cô đơn lạnh lẽo.","Every comma/semicolon-separated fragment occurs in source; whole quote is not contiguous."
"quote_not_found","cups.json","428","cups-09","reversed","shadow","STR","-2","buông thả khoái lạc","Mất kiểm soát thói ăn uống, chi tiêu hoặc dục vọng cá nhân.","Not exact or fully supported comma/semicolon-separated excerpts; may be paraphrase, expansion, or invention. Requires semantic review."
"quote_not_found","cups.json","428","cups-09","reversed","shadow","RSK","1","đánh đổi giá trị lấy vui thú","Sẵn sàng làm điều sai trái để thỏa mãn lòng tham nhất thời.","Not exact or fully supported comma/semicolon-separated excerpts; may be paraphrase, expansion, or invention. Requires semantic review."
"quote_not_found","cups.json","428","cups-09","reversed","shadow","INT","-2","mê muội trong chủ nghĩa hưởng lạc","Mất sạch nhận thức tâm linh vì mải mê say sưa chén rượu.","Not exact or fully supported comma/semicolon-separated excerpts; may be paraphrase, expansion, or invention. Requires semantic review."
"metadata_mismatch","cups.json","453","cups-10","upright","","","","","","cardNameEn"
"quote_not_found","cups.json","453","cups-10","upright","core","ACT","1","dang tay đón cầu vồng hạnh phúc","Hành động chia sẻ và vun đắp hạnh phúc cùng người thân.","Not exact or fully supported comma/semicolon-separated excerpts; may be paraphrase, expansion, or invention. Requires semantic review."
"quote_not_found","cups.json","453","cups-10","upright","core","STR","2","mái ấm gia đình vững chãi","Cấu trúc gia đình và cộng đồng gắn kết bền chặt, nề nếp yêu thương.","Not exact or fully supported comma/semicolon-separated excerpts; may be paraphrase, expansion, or invention. Requires semantic review."
"quote_not_found","cups.json","453","cups-10","upright","core","RSK","0","bến đỗ an lành","Sự an toàn tuyệt đối dưới vòm cầu vồng phước lành.","Not exact or fully supported comma/semicolon-separated excerpts; may be paraphrase, expansion, or invention. Requires semantic review."
"quote_not_found","cups.json","453","cups-10","upright","core","INT","2","phước lành vũ trụ","Lòng biết ơn sâu sắc trước ân huệ trọn vẹn của cuộc đời.","Not exact or fully supported comma/semicolon-separated excerpts; may be paraphrase, expansion, or invention. Requires semantic review."
"quote_not_found","cups.json","453","cups-10","upright","shadow","EMO","1","lý tưởng hóa gia đình","Có thể đòi hỏi gia đình phải hoàn hảo như tranh vẽ.","Not exact or fully supported comma/semicolon-separated excerpts; may be paraphrase, expansion, or invention. Requires semantic review."
"quote_not_found","cups.json","453","cups-10","upright","shadow","RSK","-1","sợ mất hạnh phúc","Lo lắng mơ hồ rằng cầu vồng rồi sẽ tan biến.","Not exact or fully supported comma/semicolon-separated excerpts; may be paraphrase, expansion, or invention. Requires semantic review."
"metadata_mismatch","cups.json","478","cups-10","reversed","","","","","","cardNameEn"
"quote_not_found","cups.json","478","cups-10","reversed","core","ACT","1","hàn gắn rạn nứt","Chủ động bước tới để đối thoại và làm lành với gia đình.","Not exact or fully supported comma/semicolon-separated excerpts; may be paraphrase, expansion, or invention. Requires semantic review."
"quote_not_found","cups.json","478","cups-10","reversed","core","EMO","1","chữa lành bất hòa","Hạ thấp kỳ vọng ảo để yêu thương con người thật của nhau.","Not exact or fully supported comma/semicolon-separated excerpts; may be paraphrase, expansion, or invention. Requires semantic review."
"quote_not_found","cups.json","478","cups-10","reversed","core","STR","1","tái thiết hòa khí gia đình","Đặt lại các quy ước chung nhằm duy trì tôn trọng lẫn nhau.","Not exact or fully supported comma/semicolon-separated excerpts; may be paraphrase, expansion, or invention. Requires semantic review."
"quote_not_found","cups.json","478","cups-10","reversed","core","INT","1","nhìn ra nguyên nhân bất hòa","Thấu suốt những xung đột ngầm và gỡ bỏ định kiến gia tộc.","Not exact or fully supported comma/semicolon-separated excerpts; may be paraphrase, expansion, or invention. Requires semantic review."
"quote_not_found","cups.json","478","cups-10","reversed","shadow","ACT","-1","trốn tránh gia đình","Bỏ nhà đi hoặc chiến tranh lạnh không thèm nhìn mặt nhau.","Not exact or fully supported comma/semicolon-separated excerpts; may be paraphrase, expansion, or invention. Requires semantic review."
"fragmented_quote","cups.json","478","cups-10","reversed","shadow","EMO","-2","rạn nứt, bất hòa, kỳ vọng vỡ","Tan nát hạnh phúc, cãi vã triền miên, thất vọng nặng nề về tổ ấm.","Every comma/semicolon-separated fragment occurs in source; whole quote is not contiguous."
"quote_not_found","cups.json","478","cups-10","reversed","shadow","STR","-2","gia đình rạn nứt","Nền móng gia đạo lung lay, nguy cơ ly tán đổ vỡ.","Not exact or fully supported comma/semicolon-separated excerpts; may be paraphrase, expansion, or invention. Requires semantic review."
"quote_not_found","cups.json","478","cups-10","reversed","shadow","RSK","-1","mất niềm tin vào tình thân","Bi quan, cay đắng, nghĩ rằng không có gì gọi là tình yêu vĩnh cửu.","Not exact or fully supported comma/semicolon-separated excerpts; may be paraphrase, expansion, or invention. Requires semantic review."
"quote_not_found","cups.json","478","cups-10","reversed","shadow","INT","-1","đổ lỗi lẫn nhau","Mù quáng chỉ trích người thân thay vì tự soi rọi lỗi lầm của mình.","Not exact or fully supported comma/semicolon-separated excerpts; may be paraphrase, expansion, or invention. Requires semantic review."
"quote_not_found","cups.json","503","cups-11","upright","core","ACT","1","mang thông điệp tình cảm","Bày tỏ cảm xúc chân thành, đưa ra những lời ngỏ dễ thương.","Not exact or fully supported comma/semicolon-separated excerpts; may be paraphrase, expansion, or invention. Requires semantic review."
"quote_not_found","cups.json","503","cups-11","upright","core","EMO","2","nhạy cảm, ngọt ngào","Trái tim nhân hậu, đồng cảm tinh tế, dịu dàng và trong sáng.","Not exact or fully supported comma/semicolon-separated excerpts; may be paraphrase, expansion, or invention. Requires semantic review."
"quote_not_found","cups.json","503","cups-11","upright","core","RSK","1","mở lòng trước điều kỳ diệu","Sẵn sàng lắng nghe chú cá nhỏ cất tiếng nói diệu kỳ từ trong cốc.","Not exact or fully supported comma/semicolon-separated excerpts; may be paraphrase, expansion, or invention. Requires semantic review."
"quote_not_found","cups.json","503","cups-11","upright","core","INT","2","trực giác, thông điệp tâm linh","Khả năng ngoại cảm, giấc mơ báo mộng và linh tính nhạy bén tuyệt vời.","Not exact or fully supported comma/semicolon-separated excerpts; may be paraphrase, expansion, or invention. Requires semantic review."
"quote_not_found","cups.json","503","cups-11","upright","shadow","EMO","1","quá nhạy cảm","Dễ bị tổn thương bởi những lời nói đùa vô tình.","Not exact or fully supported comma/semicolon-separated excerpts; may be paraphrase, expansion, or invention. Requires semantic review."
"quote_not_found","cups.json","503","cups-11","upright","shadow","STR","-1","thiếu thực tế","Sống trong thế giới cổ tích, lơ mơ với việc đời thực.","Not exact or fully supported comma/semicolon-separated excerpts; may be paraphrase, expansion, or invention. Requires semantic review."
"quote_not_found","cups.json","528","cups-11","reversed","core","ACT","0","học cách làm chủ cảm xúc","Tập kiềm chế những phản ứng trẻ con bột phát.","Not exact or fully supported comma/semicolon-separated excerpts; may be paraphrase, expansion, or invention. Requires semantic review."
"quote_not_found","cups.json","528","cups-11","reversed","core","EMO","1","chữa lành sự bất an","Xây dựng lại niềm tin vào bản thân từ gốc rễ.","Not exact or fully supported comma/semicolon-separated excerpts; may be paraphrase, expansion, or invention. Requires semantic review."
"quote_not_found","cups.json","528","cups-11","reversed","core","STR","1","rèn luyện tính kỷ luật","Cần sự nâng đỡ để trưởng thành về mặt cảm xúc.","Not exact or fully supported comma/semicolon-separated excerpts; may be paraphrase, expansion, or invention. Requires semantic review."
"quote_not_found","cups.json","528","cups-11","reversed","core","INT","1","phân biệt cảm xúc thật","Gạn lọc những cơn giông bão cảm xúc ảo tưởng.","Not exact or fully supported comma/semicolon-separated excerpts; may be paraphrase, expansion, or invention. Requires semantic review."
"quote_not_found","cups.json","528","cups-11","reversed","shadow","ACT","-1","hành động thất thường","Sáng nắng chiều mưa, làm việc tùy hứng theo tâm trạng.","Not exact or fully supported comma/semicolon-separated excerpts; may be paraphrase, expansion, or invention. Requires semantic review."
"quote_not_found","cups.json","528","cups-11","reversed","shadow","EMO","-2","non nớt, bất an, dỗi hờn","Tâm lý yếu đuối, thao túng người khác bằng sự hờn dỗi hoặc khóc lóc.","Not exact or fully supported comma/semicolon-separated excerpts; may be paraphrase, expansion, or invention. Requires semantic review."
"quote_not_found","cups.json","528","cups-11","reversed","shadow","STR","-2","mất kiểm soát tâm lý","Bất ổn định tâm trạng, dễ sa ngã vào thói quen nghiện ngập để trốn thực tế.","Not exact or fully supported comma/semicolon-separated excerpts; may be paraphrase, expansion, or invention. Requires semantic review."
"quote_not_found","cups.json","528","cups-11","reversed","shadow","RSK","-1","sợ hãi không đâu","Nhìn gà hóa cuốc vì tâm lý bất an ám ảnh.","Not exact or fully supported comma/semicolon-separated excerpts; may be paraphrase, expansion, or invention. Requires semantic review."
"quote_not_found","cups.json","528","cups-11","reversed","shadow","INT","-1","ảo tưởng tình cảm","Tự dựng lên những kịch bản tình cảm lâm ly bi đát để tự làm khổ mình.","Not exact or fully supported comma/semicolon-separated excerpts; may be paraphrase, expansion, or invention. Requires semantic review."
"quote_not_found","cups.json","553","cups-12","upright","core","ACT","1","tiến bước nhẹ nhàng, đưa ra lời đề nghị","Hành động lịch thiệp, mang chiếc cốc tình yêu và hòa bình đến muôn nơi.","Not exact or fully supported comma/semicolon-separated excerpts; may be paraphrase, expansion, or invention. Requires semantic review."
"fragmented_quote","cups.json","553","cups-12","upright","core","EMO","2","lãng mạn, theo trái tim","Tâm hồn nghệ sĩ đắm say, ngọt ngào, tinh tế và chung thủy.","Every comma/semicolon-separated fragment occurs in source; whole quote is not contiguous."
"quote_not_found","cups.json","553","cups-12","upright","core","RSK","1","dám theo đuổi lý tưởng","Lên đường vì tiếng gọi của tình yêu và cái đẹp.","Not exact or fully supported comma/semicolon-separated excerpts; may be paraphrase, expansion, or invention. Requires semantic review."
"quote_not_found","cups.json","553","cups-12","upright","core","INT","2","theo trái tim, trực giác thi ca","Lắng nghe sâu sắc nguồn cảm hứng và tiếng lòng mách bảo.","Not exact or fully supported comma/semicolon-separated excerpts; may be paraphrase, expansion, or invention. Requires semantic review."
"quote_not_found","cups.json","553","cups-12","upright","shadow","ACT","0","chậm rãi","Có thể tiến bước quá chậm vì mải mê ngắm cảnh ven đường.","Not exact or fully supported comma/semicolon-separated excerpts; may be paraphrase, expansion, or invention. Requires semantic review."
"quote_not_found","cups.json","553","cups-12","upright","shadow","EMO","1","quá lãng mạn","Dễ chìm đắm trong thế giới ngôn tình xa rời thực tế.","Not exact or fully supported comma/semicolon-separated excerpts; may be paraphrase, expansion, or invention. Requires semantic review."
"quote_not_found","cups.json","553","cups-12","upright","shadow","STR","-1","thiếu thực tế","Giỏi nói lời đường mật hơn là thực thi các công việc cụ thể.","Not exact or fully supported comma/semicolon-separated excerpts; may be paraphrase, expansion, or invention. Requires semantic review."
"quote_not_found","cups.json","578","cups-12","reversed","core","EMO","1","trung thực trong tình cảm","Học cách yêu thương thực tế thay vì vẽ ra lâu đài ảo tưởng.","Not exact or fully supported comma/semicolon-separated excerpts; may be paraphrase, expansion, or invention. Requires semantic review."
"quote_not_found","cups.json","578","cups-12","reversed","core","STR","1","rèn luyện tính kiên định","Giữ đúng cam kết và chấm dứt thói hứa lèo.","Not exact or fully supported comma/semicolon-separated excerpts; may be paraphrase, expansion, or invention. Requires semantic review."
"quote_not_found","cups.json","578","cups-12","reversed","core","INT","1","tỉnh ngộ khỏi ảo vọng","Phân biệt được đâu là tình yêu đích thực và đâu là sự si tình mù quáng.","Not exact or fully supported comma/semicolon-separated excerpts; may be paraphrase, expansion, or invention. Requires semantic review."
"quote_not_found","cups.json","578","cups-12","reversed","shadow","EMO","-2","ảo tưởng, thao túng tình cảm","Đóng vai chàng bạch mã hoàng tử giả tạo để lừa gạt lòng tin.","Not exact or fully supported comma/semicolon-separated excerpts; may be paraphrase, expansion, or invention. Requires semantic review."
"quote_not_found","cups.json","578","cups-12","reversed","shadow","STR","-2","bất nhất","Không có lập trường, cảm xúc thay đổi như chong chóng.","Not exact or fully supported comma/semicolon-separated excerpts; may be paraphrase, expansion, or invention. Requires semantic review."
"quote_not_found","cups.json","578","cups-12","reversed","shadow","RSK","-1","thất vọng trốn chạy","Vỡ mộng rồi quay ngoắt 180 độ bỏ chạy khi gặp khó khăn thực tế.","Not exact or fully supported comma/semicolon-separated excerpts; may be paraphrase, expansion, or invention. Requires semantic review."
"quote_not_found","cups.json","578","cups-12","reversed","shadow","INT","-2","ảo tưởng che mờ mắt","Chìm trong mộng mị, tự lừa dối mình và lừa dối cả người khác.","Not exact or fully supported comma/semicolon-separated excerpts; may be paraphrase, expansion, or invention. Requires semantic review."
"quote_not_found","cups.json","603","cups-13","upright","core","ACT","1","chăm sóc tận tình","Hành động chăm sóc, xoa dịu và nâng đỡ tâm hồn người khác.","Not exact or fully supported comma/semicolon-separated excerpts; may be paraphrase, expansion, or invention. Requires semantic review."
"quote_not_found","cups.json","603","cups-13","upright","core","STR","1","chiếc cốc đóng kín thiêng liêng","Giữ gìn ranh giới nội tâm thanh khiết, làm chủ thế giới cảm xúc.","Not exact or fully supported comma/semicolon-separated excerpts; may be paraphrase, expansion, or invention. Requires semantic review."
"quote_not_found","cups.json","603","cups-13","upright","core","RSK","1","sức mạnh của sự mềm mại","Can đảm dùng sự nhu hòa để cảm hóa mọi thô bạo.","Not exact or fully supported comma/semicolon-separated excerpts; may be paraphrase, expansion, or invention. Requires semantic review."
"quote_not_found","cups.json","603","cups-13","upright","core","INT","2","trực giác tâm linh thấu thị","Trực giác siêu phàm, thấu suốt tâm can người khác chỉ qua một ánh nhìn.","Not exact or fully supported comma/semicolon-separated excerpts; may be paraphrase, expansion, or invention. Requires semantic review."
"quote_not_found","cups.json","603","cups-13","upright","shadow","EMO","1","quá bao bọc","Có thể gánh hết nỗi đau của người khác vào thân mình.","Not exact or fully supported comma/semicolon-separated excerpts; may be paraphrase, expansion, or invention. Requires semantic review."
"quote_not_found","cups.json","628","cups-13","reversed","core","EMO","1","xây lại ranh giới","Học cách tự chữa lành và phân biệt cảm xúc của mình với người khác.","Not exact or fully supported comma/semicolon-separated excerpts; may be paraphrase, expansion, or invention. Requires semantic review."
"quote_not_found","cups.json","628","cups-13","reversed","core","STR","1","thiết lập ranh giới","Kéo lại tấm rèm bảo vệ không gian năng lượng cá nhân.","Not exact or fully supported comma/semicolon-separated excerpts; may be paraphrase, expansion, or invention. Requires semantic review."
"quote_not_found","cups.json","628","cups-13","reversed","core","INT","1","thanh lọc trực giác","Loại bỏ những nhiễu loạn cảm xúc để trực giác trong trẻo trở lại.","Not exact or fully supported comma/semicolon-separated excerpts; may be paraphrase, expansion, or invention. Requires semantic review."
"quote_not_found","cups.json","628","cups-13","reversed","shadow","ACT","-1","hành động theo cảm tính","Hành vi mất kiểm soát khi bị cảm xúc nhấn chìm.","Not exact or fully supported comma/semicolon-separated excerpts; may be paraphrase, expansion, or invention. Requires semantic review."
"quote_not_found","cups.json","628","cups-13","reversed","shadow","EMO","-2","phụ thuộc, quá nhạy, trầm cảm","Lệ thuộc tình cảm độc hại, ngạt thở trong sự nhạy cảm thái quá.","Not exact or fully supported comma/semicolon-separated excerpts; may be paraphrase, expansion, or invention. Requires semantic review."
"quote_not_found","cups.json","628","cups-13","reversed","shadow","RSK","-1","sợ bị bỏ rơi","Sống trong âu lo nơm nớp sợ đối phương ngừng yêu mình.","Not exact or fully supported comma/semicolon-separated excerpts; may be paraphrase, expansion, or invention. Requires semantic review."
"quote_not_found","cups.json","628","cups-13","reversed","shadow","INT","-1","trực giác bị bóp méo","Trực giác bị vẩn đục biến thành sự suy diễn đa sầu đa cảm.","Not exact or fully supported comma/semicolon-separated excerpts; may be paraphrase, expansion, or invention. Requires semantic review."
"source_mismatch","cups.json","653","cups-14","upright","","","","","","Từ khóa: cân bằng cảm xúc, khôn ngoan, điềm tĩnh. Ý nghĩa: Nhà Vua Cốc xuôi nhấn mạnh cân bằng cảm xúc, khôn ngoan, điềm tĩnh; hãy liên hệ năng lượng này với vị trí của lá trong trải bài."
"metadata_mismatch","cups.json","653","cups-14","upright","","","","","","cardNameVi"
"quote_not_found","cups.json","653","cups-14","upright","core","ACT","1","điềm đạm giải quyết vấn đề","Hành động có chừng mực, xử lý khủng hoảng bằng sự bình tâm tuyệt đối.","Not exact or fully supported comma/semicolon-separated excerpts; may be paraphrase, expansion, or invention. Requires semantic review."
"quote_not_found","cups.json","653","cups-14","upright","core","STR","2","làm chủ đại dương, nguyên tắc thấu cảm","Cấu trúc tâm lý vững vàng, dung hòa hoàn hảo giữa trí tuệ và tình thương.","Not exact or fully supported comma/semicolon-separated excerpts; may be paraphrase, expansion, or invention. Requires semantic review."
"quote_not_found","cups.json","653","cups-14","upright","core","RSK","1","bình thản trước sóng gió","Không hề nao núng trước những biến cố tình cảm hay sóng gió cuộc đời.","Not exact or fully supported comma/semicolon-separated excerpts; may be paraphrase, expansion, or invention. Requires semantic review."
"quote_not_found","cups.json","653","cups-14","upright","core","INT","2","khôn ngoan sâu sắc","Trí tuệ minh triết thấu suốt mọi ngóc ngách tâm lý con người.","Not exact or fully supported comma/semicolon-separated excerpts; may be paraphrase, expansion, or invention. Requires semantic review."
"quote_not_found","cups.json","653","cups-14","upright","shadow","EMO","0","kín đáo","Có thể quá kín kẽ khiến người khác khó chạm tới đáy lòng.","Not exact or fully supported comma/semicolon-separated excerpts; may be paraphrase, expansion, or invention. Requires semantic review."
"quote_not_found","cups.json","653","cups-14","upright","shadow","STR","1","kiểm soát","Đôi khi quá kiểm soát cảm xúc để giữ vỏ bọc đạo mạo.","Not exact or fully supported comma/semicolon-separated excerpts; may be paraphrase, expansion, or invention. Requires semantic review."
"source_mismatch","cups.json","678","cups-14","reversed","","","","","","Từ khóa: kìm nén, thao túng, lạnh nhạt. Ý nghĩa: Nhà Vua Cốc ngược gợi ý kìm nén, thao túng, lạnh nhạt; đây là điểm cần nhìn lại thay vì một kết luận cố định."
"metadata_mismatch","cups.json","678","cups-14","reversed","","","","","","cardNameVi"
"quote_not_found","cups.json","678","cups-14","reversed","core","ACT","0","cần nhìn lại thói kìm nén","Dừng lại việc dùng mặt nạ lạnh lùng để trốn tránh cảm xúc.","Not exact or fully supported comma/semicolon-separated excerpts; may be paraphrase, expansion, or invention. Requires semantic review."
"quote_not_found","cups.json","678","cups-14","reversed","core","EMO","1","chân thành bộc lộ","Học cách nói thật cảm xúc thay vì âm thầm thao túng.","Not exact or fully supported comma/semicolon-separated excerpts; may be paraphrase, expansion, or invention. Requires semantic review."
"quote_not_found","cups.json","678","cups-14","reversed","core","STR","1","khôi phục sự chính trực","Chấm dứt việc dùng điểm yếu tâm lý của người khác để trục lợi.","Not exact or fully supported comma/semicolon-separated excerpts; may be paraphrase, expansion, or invention. Requires semantic review."
"quote_not_found","cups.json","678","cups-14","reversed","core","INT","1","tự soi rọi mưu mô","Nhận ra sự cay đắng đằng sau vỏ bọc đạo mạo giả dối.","Not exact or fully supported comma/semicolon-separated excerpts; may be paraphrase, expansion, or invention. Requires semantic review."
"quote_not_found","cups.json","678","cups-14","reversed","shadow","ACT","1","thao túng ngầm","Giật dây cảm xúc, thao túng tâm lý (gaslighting) người thân.","Not exact or fully supported comma/semicolon-separated excerpts; may be paraphrase, expansion, or invention. Requires semantic review."
"quote_not_found","cups.json","678","cups-14","reversed","shadow","EMO","-2","lạnh nhạt, kìm nén, tàn nhẫn","Đóng băng cảm xúc, trả đũa bằng sự ghẻ lạnh tàn nhẫn.","Not exact or fully supported comma/semicolon-separated excerpts; may be paraphrase, expansion, or invention. Requires semantic review."
"quote_not_found","cups.json","678","cups-14","reversed","shadow","STR","-2","mất kiểm soát nội tâm","Sóng ngầm cuộn trào bên trong có thể bùng nổ bất cứ lúc nào.","Not exact or fully supported comma/semicolon-separated excerpts; may be paraphrase, expansion, or invention. Requires semantic review."
"quote_not_found","cups.json","678","cups-14","reversed","shadow","RSK","-1","sợ lộ mặt thật","Hèn nhát không dám đối thoại sòng phẳng, chỉ thích đánh lén.","Not exact or fully supported comma/semicolon-separated excerpts; may be paraphrase, expansion, or invention. Requires semantic review."
"quote_not_found","cups.json","678","cups-14","reversed","shadow","INT","-2","dùng trí tuệ vào tà thuật","Dùng sự hiểu biết tâm lý để bẫy và bóp nghẹt tự do của người khác.","Not exact or fully supported comma/semicolon-separated excerpts; may be paraphrase, expansion, or invention. Requires semantic review."
"quote_not_found","swords.json","3","swords-01","upright","core","EMO","0","sự thật khách quan","Lý tính, không để cảm xúc ủy mị làm cùn đi lưỡi kiếm công lý.","Not exact or fully supported comma/semicolon-separated excerpts; may be paraphrase, expansion, or invention. Requires semantic review."
"fragmented_quote","swords.json","3","swords-01","upright","core","STR","2","sáng rõ, sự thật","Tư duy logic chuẩn xác tuyệt đối, cắt bỏ mọi mơ hồ và lừa dối.","Every comma/semicolon-separated fragment occurs in source; whole quote is not contiguous."
"quote_not_found","swords.json","3","swords-01","upright","core","RSK","2","dám đối diện sự thật trần trụi","Can trường nhìn thẳng vào sự thật dù nó có đau đớn.","Not exact or fully supported comma/semicolon-separated excerpts; may be paraphrase, expansion, or invention. Requires semantic review."
"quote_not_found","swords.json","3","swords-01","upright","core","INT","2","sự sáng rõ, chân lý tối thượng","Tia chớp trí tuệ rọi sáng bản chất cốt lõi của vấn đề.","Not exact or fully supported comma/semicolon-separated excerpts; may be paraphrase, expansion, or invention. Requires semantic review."
"quote_not_found","swords.json","3","swords-01","upright","shadow","ACT","1","ra tay quá nhanh","Có thể vung kiếm quá nhanh gây tổn thương không cần thiết.","Not exact or fully supported comma/semicolon-separated excerpts; may be paraphrase, expansion, or invention. Requires semantic review."
"quote_not_found","swords.json","3","swords-01","upright","shadow","EMO","-2","lời sắc lạnh lùng","Quá cứng nhắc, thiếu đi sự nhân từ và bao dung.","Not exact or fully supported comma/semicolon-separated excerpts; may be paraphrase, expansion, or invention. Requires semantic review."
"quote_not_found","swords.json","3","swords-01","upright","shadow","STR","1","sắc bén","Tuyệt đối hóa lý lẽ mà quên đi tình cảnh con người.","Not exact or fully supported comma/semicolon-separated excerpts; may be paraphrase, expansion, or invention. Requires semantic review."
"quote_not_found","swords.json","28","swords-01","reversed","core","EMO","1","uốn lưỡi trước khi nói","Ý thức được sức sát thương của lời nói để tiết chế lại.","Not exact or fully supported comma/semicolon-separated excerpts; may be paraphrase, expansion, or invention. Requires semantic review."
"quote_not_found","swords.json","28","swords-01","reversed","core","STR","1","làm rõ thông tin","Thu thập thêm dữ kiện để xua tan sự nhầm lẫn.","Not exact or fully supported comma/semicolon-separated excerpts; may be paraphrase, expansion, or invention. Requires semantic review."
"quote_not_found","swords.json","28","swords-01","reversed","core","INT","1","nhận ra sự thiếu rõ ràng","Tự nhận thức được rằng tư duy của mình đang bị nhiễu loạn.","Not exact or fully supported comma/semicolon-separated excerpts; may be paraphrase, expansion, or invention. Requires semantic review."
"quote_not_found","swords.json","28","swords-01","reversed","shadow","ACT","1","vung kiếm bừa bãi","Hành động thiếu suy nghĩ làm tổn hại các mối quan hệ.","Not exact or fully supported comma/semicolon-separated excerpts; may be paraphrase, expansion, or invention. Requires semantic review."
"quote_not_found","swords.json","28","swords-01","reversed","shadow","EMO","-2","lời sắc, cay nghiệt","Dùng lời nói độc địa sát thương lòng tự trọng của người khác.","Not exact or fully supported comma/semicolon-separated excerpts; may be paraphrase, expansion, or invention. Requires semantic review."
"fragmented_quote","swords.json","28","swords-01","reversed","shadow","STR","-2","nhầm lẫn, thiếu rõ ràng","Tư duy rối loạn, phán đoán sai lầm, logic ngụy biện.","Every comma/semicolon-separated fragment occurs in source; whole quote is not contiguous."
"quote_not_found","swords.json","28","swords-01","reversed","shadow","INT","-2","mù mờ chân lý","Bị định kiến và cái tôi hung hãn bịt mắt.","Not exact or fully supported comma/semicolon-separated excerpts; may be paraphrase, expansion, or invention. Requires semantic review."
"metadata_mismatch","swords.json","53","swords-02","upright","","","","","","cardNameEn"
"quote_not_found","swords.json","53","swords-02","upright","core","ACT","-1","ngồi bịt mắt, hai tay bắt chéo kiếm","Tạm dừng hành động bên ngoài để giữ trạng thái cân bằng nội tâm.","Not exact or fully supported comma/semicolon-separated excerpts; may be paraphrase, expansion, or invention. Requires semantic review."
"quote_not_found","swords.json","53","swords-02","upright","core","EMO","0","kìm nén cảm xúc để cân nhắc","Không để cảm xúc bộc phát làm lệch cán cân phán đoán.","Not exact or fully supported comma/semicolon-separated excerpts; may be paraphrase, expansion, or invention. Requires semantic review."
"quote_not_found","swords.json","53","swords-02","upright","core","STR","1","cân nhắc kỹ lưỡng","Đặt hai phương án ngang bằng nhau để cân đo đong đếm cẩn trọng.","Not exact or fully supported comma/semicolon-separated excerpts; may be paraphrase, expansion, or invention. Requires semantic review."
"quote_not_found","swords.json","53","swords-02","upright","core","RSK","-1","chưa dám chọn","Thận trọng tối đa vì mỗi lựa chọn đều có cái giá phải trả.","Not exact or fully supported comma/semicolon-separated excerpts; may be paraphrase, expansion, or invention. Requires semantic review."
"quote_not_found","swords.json","53","swords-02","upright","core","INT","1","lắng nghe tiếng sóng biển đêm","Tập trung thính giác và cảm nhận bên trong khi mắt bị bịt kín.","Not exact or fully supported comma/semicolon-separated excerpts; may be paraphrase, expansion, or invention. Requires semantic review."
"quote_not_found","swords.json","53","swords-02","upright","shadow","EMO","-1","lạnh lùng, trốn tránh","Đóng băng trái tim để né tránh phải đối mặt với nỗi đau lựa chọn.","Not exact or fully supported comma/semicolon-separated excerpts; may be paraphrase, expansion, or invention. Requires semantic review."
"quote_not_found","swords.json","53","swords-02","upright","shadow","STR","-1","kẹt giữa ngã ba đường","Không thể đưa ra quyết sách vì sợ trách nhiệm.","Not exact or fully supported comma/semicolon-separated excerpts; may be paraphrase, expansion, or invention. Requires semantic review."
"quote_not_found","swords.json","53","swords-02","upright","shadow","RSK","-2","sợ ra quyết định","Tê liệt vì nỗi sợ phải chọn sai phương án.","Not exact or fully supported comma/semicolon-separated excerpts; may be paraphrase, expansion, or invention. Requires semantic review."
"quote_not_found","swords.json","53","swords-02","upright","shadow","INT","-1","tự bịt mắt mình","Cố tình không chịu nhìn vào sự thật hiển nhiên trước mắt.","Not exact or fully supported comma/semicolon-separated excerpts; may be paraphrase, expansion, or invention. Requires semantic review."
"metadata_mismatch","swords.json","78","swords-02","reversed","","","","","","cardNameEn"
"quote_not_found","swords.json","78","swords-02","reversed","core","ACT","1","tháo khăn bịt mắt, hạ kiếm xuống","Bắt đầu mở mắt nhìn nhận thực tế để chuẩn bị lựa chọn.","Not exact or fully supported comma/semicolon-separated excerpts; may be paraphrase, expansion, or invention. Requires semantic review."
"quote_not_found","swords.json","78","swords-02","reversed","core","EMO","1","giải tỏa áp lực","Thả lỏng sự căng cứng tâm lý để hít thở trở lại.","Not exact or fully supported comma/semicolon-separated excerpts; may be paraphrase, expansion, or invention. Requires semantic review."
"quote_not_found","swords.json","78","swords-02","reversed","core","STR","1","tìm kiếm thêm thông tin","Chủ động bổ sung dữ liệu còn thiếu để có căn cứ quyết định.","Not exact or fully supported comma/semicolon-separated excerpts; may be paraphrase, expansion, or invention. Requires semantic review."
"quote_not_found","swords.json","78","swords-02","reversed","core","RSK","1","chấp nhận rủi ro để chọn","Dũng cảm phá vỡ thế giằng co dù kết quả có ra sao.","Not exact or fully supported comma/semicolon-separated excerpts; may be paraphrase, expansion, or invention. Requires semantic review."
"quote_not_found","swords.json","78","swords-02","reversed","core","INT","1","nhìn thẳng vào sự thật","Tháo bỏ bức màn che mắt để đón nhận ánh sáng.","Not exact or fully supported comma/semicolon-separated excerpts; may be paraphrase, expansion, or invention. Requires semantic review."
"quote_not_found","swords.json","78","swords-02","reversed","shadow","EMO","-2","quá tải, hoảng loạn","Bộ não bị quá tải thông tin, căng thẳng cực độ dẫn tới suy nhược.","Not exact or fully supported comma/semicolon-separated excerpts; may be paraphrase, expansion, or invention. Requires semantic review."
"quote_not_found","swords.json","78","swords-02","reversed","shadow","STR","-2","hỗn loạn thông tin","Tiếp nhận thông tin nhiễu loạn không kiểm chứng.","Not exact or fully supported comma/semicolon-separated excerpts; may be paraphrase, expansion, or invention. Requires semantic review."
"quote_not_found","swords.json","78","swords-02","reversed","shadow","RSK","-2","thiếu tin tưởng","Mất sạch lòng tin vào bản thân và phán đoán của mình.","Not exact or fully supported comma/semicolon-separated excerpts; may be paraphrase, expansion, or invention. Requires semantic review."
"quote_not_found","swords.json","78","swords-02","reversed","shadow","INT","-1","mất phương hướng phán đoán","Đầu óc mụ mị không còn biết đâu là đúng đâu là sai.","Not exact or fully supported comma/semicolon-separated excerpts; may be paraphrase, expansion, or invention. Requires semantic review."
"metadata_mismatch","swords.json","103","swords-03","upright","","","","","","cardNameEn"
"quote_not_found","swords.json","103","swords-03","upright","core","ACT","0","đứng dưới mưa bão","Chấp nhận trải qua cơn giông bão để cơn đau tự rút đi.","Not exact or fully supported comma/semicolon-separated excerpts; may be paraphrase, expansion, or invention. Requires semantic review."
"quote_not_found","swords.json","103","swords-03","upright","core","RSK","1","dám đối diện vết thương","Không gây mê trốn tránh, can đảm nếm trải nỗi đau trưởng thành.","Not exact or fully supported comma/semicolon-separated excerpts; may be paraphrase, expansion, or invention. Requires semantic review."
"quote_not_found","swords.json","103","swords-03","upright","core","INT","1","thấu hiểu quy luật khổ đau","Nhận ra nỗi đau là chiếc chìa khóa mở rộng lòng trắc ẩn.","Not exact or fully supported comma/semicolon-separated excerpts; may be paraphrase, expansion, or invention. Requires semantic review."
"quote_not_found","swords.json","103","swords-03","upright","shadow","ACT","-1","gục ngã trong mưa","Mất sức sống, chìm đắm trong đau khổ không gượng dậy nổi.","Not exact or fully supported comma/semicolon-separated excerpts; may be paraphrase, expansion, or invention. Requires semantic review."
"quote_not_found","swords.json","103","swords-03","upright","shadow","EMO","-2","oán hận, cay đắng","Nuôi dưỡng lòng thù hận, dằn vặt bản thân và nguyền rủa kẻ phản bội.","Not exact or fully supported comma/semicolon-separated excerpts; may be paraphrase, expansion, or invention. Requires semantic review."
"quote_not_found","swords.json","103","swords-03","upright","shadow","STR","-1","tan nát cõi lòng","Cấu trúc tinh thần bị tàn phá nặng nề.","Not exact or fully supported comma/semicolon-separated excerpts; may be paraphrase, expansion, or invention. Requires semantic review."
"quote_not_found","swords.json","103","swords-03","upright","shadow","RSK","-2","sợ yêu thêm lần nữa","Đóng chặt tim lại vì vết thương lòng quá sâu hoắm.","Not exact or fully supported comma/semicolon-separated excerpts; may be paraphrase, expansion, or invention. Requires semantic review."
"quote_not_found","swords.json","103","swords-03","upright","shadow","INT","-1","quẩn quanh trong bi kịch","Tự biến mình thành nạn nhân vĩnh viễn của số phận.","Not exact or fully supported comma/semicolon-separated excerpts; may be paraphrase, expansion, or invention. Requires semantic review."
"metadata_mismatch","swords.json","128","swords-03","reversed","","","","","","cardNameEn"
"quote_not_found","swords.json","128","swords-03","reversed","core","ACT","1","chủ động rút kiếm ra khỏi tim","Từng bước rút bỏ các thanh kiếm tổn thương để vết thương lên da non.","Not exact or fully supported comma/semicolon-separated excerpts; may be paraphrase, expansion, or invention. Requires semantic review."
"quote_not_found","swords.json","128","swords-03","reversed","core","STR","1","tái thiết bình yên","Lập lại trật tự tinh thần lành mạnh sau cơn giông bão.","Not exact or fully supported comma/semicolon-separated excerpts; may be paraphrase, expansion, or invention. Requires semantic review."
"quote_not_found","swords.json","128","swords-03","reversed","core","RSK","2","dũng khí tha thứ","Can trường buông bỏ thù hận để tìm lại tự do cho tâm hồn.","Not exact or fully supported comma/semicolon-separated excerpts; may be paraphrase, expansion, or invention. Requires semantic review."
"quote_not_found","swords.json","128","swords-03","reversed","core","INT","2","giác ngộ qua khổ đau","Biến nỗi đau thành sự khôn ngoan và lòng vị tha sâu sắc.","Not exact or fully supported comma/semicolon-separated excerpts; may be paraphrase, expansion, or invention. Requires semantic review."
"quote_not_found","swords.json","128","swords-03","reversed","shadow","EMO","-1","vết sẹo còn rỉ máu","Đôi khi vết thương cũ vẫn nhói đau khi gặp lại kỷ niệm.","Not exact or fully supported comma/semicolon-separated excerpts; may be paraphrase, expansion, or invention. Requires semantic review."
"metadata_mismatch","swords.json","153","swords-04","upright","","","","","","cardNameEn"
"quote_not_found","swords.json","153","swords-04","upright","core","ACT","-2","nghỉ ngơi, nằm trên bệ đá nhà thờ","Chủ động đình chỉ toàn bộ hoạt động để tái tạo sinh lực sau trận chiến.","Not exact or fully supported comma/semicolon-separated excerpts; may be paraphrase, expansion, or invention. Requires semantic review."
"quote_not_found","swords.json","153","swords-04","upright","core","EMO","1","tĩnh tâm, an bình","Tâm trí thanh thản, lắng dịu mọi xao động và lo âu.","Not exact or fully supported comma/semicolon-separated excerpts; may be paraphrase, expansion, or invention. Requires semantic review."
"quote_not_found","swords.json","153","swords-04","upright","core","STR","2","kỷ luật nghỉ ngơi, quy củ thiền định","Thiết lập ranh giới bất khả xâm phạm để dưỡng sức.","Not exact or fully supported comma/semicolon-separated excerpts; may be paraphrase, expansion, or invention. Requires semantic review."
"quote_not_found","swords.json","153","swords-04","upright","core","RSK","-1","chốn trú ẩn an toàn","Nằm trong thánh đường an toàn tuyệt đối, tránh xa mọi tranh chấp.","Not exact or fully supported comma/semicolon-separated excerpts; may be paraphrase, expansion, or invention. Requires semantic review."
"quote_not_found","swords.json","153","swords-04","upright","core","INT","2","tĩnh tâm, chiêm nghiệm thâm sâu","Thời gian thiền định quý báu để kết nối lại với tâm linh tối thượng.","Not exact or fully supported comma/semicolon-separated excerpts; may be paraphrase, expansion, or invention. Requires semantic review."
"quote_not_found","swords.json","153","swords-04","upright","shadow","ACT","-2","nằm quá lâu","Có thể trây ỳ, ngủ quên trên giường bệnh mà ngại trở lại thương trường.","Not exact or fully supported comma/semicolon-separated excerpts; may be paraphrase, expansion, or invention. Requires semantic review."
"quote_not_found","swords.json","153","swords-04","upright","shadow","RSK","-2","sợ rời giường bệnh","Ám ảnh chiến trường cũ khiến không dám bước ra ngoài.","Not exact or fully supported comma/semicolon-separated excerpts; may be paraphrase, expansion, or invention. Requires semantic review."
"metadata_mismatch","swords.json","178","swords-04","reversed","","","","","","cardNameEn"
"quote_not_found","swords.json","178","swords-04","reversed","core","ACT","1","thức dậy tái xuất","Rời khỏi giường bệnh, cầm lại thanh kiếm để chuẩn bị nhập cuộc.","Not exact or fully supported comma/semicolon-separated excerpts; may be paraphrase, expansion, or invention. Requires semantic review."
"quote_not_found","swords.json","178","swords-04","reversed","core","STR","1","sắp xếp lại nhịp sinh hoạt","Cân bằng lại thời gian làm việc và nghỉ ngơi hợp lý.","Not exact or fully supported comma/semicolon-separated excerpts; may be paraphrase, expansion, or invention. Requires semantic review."
"quote_not_found","swords.json","178","swords-04","reversed","core","RSK","1","dám trở lại thương trường","Can đảm tái xuất sau thời gian dưỡng thương.","Not exact or fully supported comma/semicolon-separated excerpts; may be paraphrase, expansion, or invention. Requires semantic review."
"quote_not_found","swords.json","178","swords-04","reversed","core","INT","1","nhận ra sự bồn chồn vô ích","Ý thức được tâm trí đang bị thúc bách bởi sự lo âu thái quá.","Not exact or fully supported comma/semicolon-separated excerpts; may be paraphrase, expansion, or invention. Requires semantic review."
"quote_not_found","swords.json","178","swords-04","reversed","shadow","ACT","1","hành động khi chưa khỏe","Hấp tấp lao vào việc khi cơ thể và tâm trí chưa hồi phục hoàn toàn.","Not exact or fully supported comma/semicolon-separated excerpts; may be paraphrase, expansion, or invention. Requires semantic review."
"quote_not_found","swords.json","178","swords-04","reversed","shadow","EMO","-2","bồn chồn, căng thẳng","Mất ngủ triền miên, tâm thần bất an, áp lực đè nặng.","Not exact or fully supported comma/semicolon-separated excerpts; may be paraphrase, expansion, or invention. Requires semantic review."
"quote_not_found","swords.json","178","swords-04","reversed","shadow","STR","-2","kiệt sức hoàn toàn (burnout)","Sụp đổ năng lượng vì không chịu nghỉ ngơi tử tế.","Not exact or fully supported comma/semicolon-separated excerpts; may be paraphrase, expansion, or invention. Requires semantic review."
"quote_not_found","swords.json","178","swords-04","reversed","shadow","INT","-1","mất bình an nội tâm","Tiếng ồn trong đầu gào thét không cho phép bản thân được yên nghỉ.","Not exact or fully supported comma/semicolon-separated excerpts; may be paraphrase, expansion, or invention. Requires semantic review."
"metadata_mismatch","swords.json","203","swords-05","upright","","","","","","cardNameEn"
"quote_not_found","swords.json","203","swords-05","upright","core","ACT","2","thu hồi chiến lợi phẩm","Hành động quyết liệt bảo vệ lợi ích và thu dọn chiến trường.","Not exact or fully supported comma/semicolon-separated excerpts; may be paraphrase, expansion, or invention. Requires semantic review."
"quote_not_found","swords.json","203","swords-05","upright","core","EMO","-1","thắng nhưng đơn độc","Chiến thắng trên lý lẽ nhưng tổn thất tình cảm sâu sắc.","Not exact or fully supported comma/semicolon-separated excerpts; may be paraphrase, expansion, or invention. Requires semantic review."
"quote_not_found","swords.json","203","swords-05","upright","core","STR","1","chiến thuật tranh đấu","Sử dụng trí thông minh và mưu mẹo để giành phần thắng.","Not exact or fully supported comma/semicolon-separated excerpts; may be paraphrase, expansion, or invention. Requires semantic review."
"quote_not_found","swords.json","203","swords-05","upright","core","RSK","1","dám đối đầu","Không ngại va chạm trực diện để khẳng định quyền lợi.","Not exact or fully supported comma/semicolon-separated excerpts; may be paraphrase, expansion, or invention. Requires semantic review."
"quote_not_found","swords.json","203","swords-05","upright","core","INT","1","bài học về cái giá của chiến thắng","Nhìn ra cái giá đắt đỏ của việc hơn thua bằng mọi giá.","Not exact or fully supported comma/semicolon-separated excerpts; may be paraphrase, expansion, or invention. Requires semantic review."
"quote_not_found","swords.json","203","swords-05","upright","shadow","ACT","1","chơi xấu, chèn ép","Hành vi tiểu nhân, chà đạp người khác để vơ vét chiến lợi phẩm.","Not exact or fully supported comma/semicolon-separated excerpts; may be paraphrase, expansion, or invention. Requires semantic review."
"quote_not_found","swords.json","203","swords-05","upright","shadow","EMO","-2","tổn thất, cay đắng, cô lập","Thắng một trận cãi vã nhưng mất đi một người bạn, đơn độc cay đắng.","Not exact or fully supported comma/semicolon-separated excerpts; may be paraphrase, expansion, or invention. Requires semantic review."
"quote_not_found","swords.json","203","swords-05","upright","shadow","INT","-2","cái tôi ngạo mạn mù quáng","Say sưa trong nụ cười nhạo báng mà không biết mình vừa mất điều quý giá nhất.","Not exact or fully supported comma/semicolon-separated excerpts; may be paraphrase, expansion, or invention. Requires semantic review."
"metadata_mismatch","swords.json","228","swords-05","reversed","","","","","","cardNameEn"
"quote_not_found","swords.json","228","swords-05","reversed","core","ACT","1","chủ động sửa chữa lỗi lầm","Hành động bồi thường thiệt hại và chìa tay làm lành.","Not exact or fully supported comma/semicolon-separated excerpts; may be paraphrase, expansion, or invention. Requires semantic review."
"quote_not_found","swords.json","228","swords-05","reversed","core","STR","1","chấm dứt tranh chấp","Thiết lập lại hòa bình và trật tự công bằng cho đôi bên.","Not exact or fully supported comma/semicolon-separated excerpts; may be paraphrase, expansion, or invention. Requires semantic review."
"quote_not_found","swords.json","228","swords-05","reversed","core","RSK","1","dám nhận sai","Can đảm thừa nhận lỗi lầm và sự hèn hạ quá khứ của mình.","Not exact or fully supported comma/semicolon-separated excerpts; may be paraphrase, expansion, or invention. Requires semantic review."
"quote_not_found","swords.json","228","swords-05","reversed","core","INT","2","thức tỉnh lương tâm","Lương tri thức tỉnh, nhận ra tranh giành hơn thua chỉ là ảo ảnh.","Not exact or fully supported comma/semicolon-separated excerpts; may be paraphrase, expansion, or invention. Requires semantic review."
"quote_not_found","swords.json","228","swords-05","reversed","shadow","EMO","-1","day dứt hối hận","Cảm giác xấu hổ và mặc cảm vì những hành vi đê tiện trong quá khứ.","Not exact or fully supported comma/semicolon-separated excerpts; may be paraphrase, expansion, or invention. Requires semantic review."
"metadata_mismatch","swords.json","253","swords-06","upright","","","","","","cardNameEn"
"quote_not_found","swords.json","253","swords-06","upright","core","ACT","1","chuyển tiếp, chèo thuyền rời đi","Lặng lẽ chèo thuyền đưa người thân rời khỏi vùng nước xoáy sang bờ bên kia.","Not exact or fully supported comma/semicolon-separated excerpts; may be paraphrase, expansion, or invention. Requires semantic review."
"quote_not_found","swords.json","253","swords-06","upright","core","EMO","1","chữa lành, nhẹ nhõm dần","Tâm trạng dần lắng dịu, nỗi đau rút lui nhường chỗ cho sự bình yên.","Not exact or fully supported comma/semicolon-separated excerpts; may be paraphrase, expansion, or invention. Requires semantic review."
"quote_not_found","swords.json","253","swords-06","upright","core","STR","1","hành trình có định hướng","Vạch lộ trình di chuyển êm ả, bảo toàn tính mạng và tài sản.","Not exact or fully supported comma/semicolon-separated excerpts; may be paraphrase, expansion, or invention. Requires semantic review."
"quote_not_found","swords.json","253","swords-06","upright","core","RSK","1","dám rời bỏ vùng giông bão","Can đảm di cư, chấp nhận bắt đầu lại ở một vùng đất mới.","Not exact or fully supported comma/semicolon-separated excerpts; may be paraphrase, expansion, or invention. Requires semantic review."
"quote_not_found","swords.json","253","swords-06","upright","shadow","ACT","0","chèo chậm","Tiến trình chuyển tiếp còn chậm chạp vì nặng gánh sáu thanh kiếm cắm trên thuyền.","Not exact or fully supported comma/semicolon-separated excerpts; may be paraphrase, expansion, or invention. Requires semantic review."
"quote_not_found","swords.json","253","swords-06","upright","shadow","EMO","-1","buồn man mác","Nỗi buồn chia tay quê hương bản quán chưa nguôi ngoai.","Not exact or fully supported comma/semicolon-separated excerpts; may be paraphrase, expansion, or invention. Requires semantic review."
"metadata_mismatch","swords.json","278","swords-06","reversed","","","","","","cardNameEn"
"quote_not_found","swords.json","278","swords-06","reversed","core","ACT","0","nhận ra chiếc thuyền đang chòng chành","Ý thức được nguy cơ lật thuyền để ném bớt hành lý xuống nước.","Not exact or fully supported comma/semicolon-separated excerpts; may be paraphrase, expansion, or invention. Requires semantic review."
"quote_not_found","swords.json","278","swords-06","reversed","core","STR","1","giảm tải hành lý","Rà soát lại những đồ đạc thừa thãi và tư duy cũ kỹ cần vứt bỏ.","Not exact or fully supported comma/semicolon-separated excerpts; may be paraphrase, expansion, or invention. Requires semantic review."
"quote_not_found","swords.json","278","swords-06","reversed","core","RSK","1","chấp nhận chuyển đổi","Dừng việc chống đối tiến trình tất yếu.","Not exact or fully supported comma/semicolon-separated excerpts; may be paraphrase, expansion, or invention. Requires semantic review."
"quote_not_found","swords.json","278","swords-06","reversed","core","INT","1","thấy rõ gánh nặng hành lý cũ","Hiểu rằng chính những ký ức độc hại đang làm đắm con thuyền.","Not exact or fully supported comma/semicolon-separated excerpts; may be paraphrase, expansion, or invention. Requires semantic review."
"quote_not_found","swords.json","278","swords-06","reversed","shadow","ACT","-1","kẹt lại giữa dòng","Thuyền đứng bánh giữa dòng nước siết, không tiến cũng chẳng lùi.","Not exact or fully supported comma/semicolon-separated excerpts; may be paraphrase, expansion, or invention. Requires semantic review."
"quote_not_found","swords.json","278","swords-06","reversed","shadow","EMO","-2","hành lý cũ, dằn vặt","Mang theo toàn bộ sự oán hận và tổn thương quá khứ sang nơi ở mới.","Not exact or fully supported comma/semicolon-separated excerpts; may be paraphrase, expansion, or invention. Requires semantic review."
"quote_not_found","swords.json","278","swords-06","reversed","shadow","RSK","-2","sợ bến bờ mới","Kinh hãi trước sự thay đổi, thà chìm thuyền còn hơn cập bến lạ.","Not exact or fully supported comma/semicolon-separated excerpts; may be paraphrase, expansion, or invention. Requires semantic review."
"quote_not_found","swords.json","278","swords-06","reversed","shadow","INT","-1","mù quáng bám giữ","Không nhận ra mình đang tự tay đục thủng đáy thuyền của chính mình.","Not exact or fully supported comma/semicolon-separated excerpts; may be paraphrase, expansion, or invention. Requires semantic review."
"metadata_mismatch","swords.json","303","swords-07","upright","","","","","","cardNameEn"
"quote_not_found","swords.json","303","swords-07","upright","core","ACT","1","chiến lược, nhón chân lẻn đi","Hành động mưu lược khôn khéo, dùng trí lừa đối thủ thay vì đối đầu trực diện.","Not exact or fully supported comma/semicolon-separated excerpts; may be paraphrase, expansion, or invention. Requires semantic review."
"quote_not_found","swords.json","303","swords-07","upright","core","EMO","0","kín đáo","Giữ kín cảm xúc và ý định để đảm bảo bí mật chiến dịch.","Not exact or fully supported comma/semicolon-separated excerpts; may be paraphrase, expansion, or invention. Requires semantic review."
"quote_not_found","swords.json","303","swords-07","upright","core","STR","2","kế sách, chiến lược luồn sâu","Kế hoạch tinh vi, lấy được 5 thanh kiếm cốt lõi trong doanh trại địch.","Not exact or fully supported comma/semicolon-separated excerpts; may be paraphrase, expansion, or invention. Requires semantic review."
"quote_not_found","swords.json","303","swords-07","upright","core","RSK","2","đột kích nguy hiểm","Dám một mình lẻn vào hang cọp để hoàn thành nhiệm vụ.","Not exact or fully supported comma/semicolon-separated excerpts; may be paraphrase, expansion, or invention. Requires semantic review."
"quote_not_found","swords.json","303","swords-07","upright","core","INT","2","tư duy chiến thuật sắc bén","Nhìn ra kẽ hở phòng thủ của đối phương và tận dụng triệt để.","Not exact or fully supported comma/semicolon-separated excerpts; may be paraphrase, expansion, or invention. Requires semantic review."
"quote_not_found","swords.json","303","swords-07","upright","shadow","STR","-1","lươn lẹo","Dễ trượt chân vào thói gian lận, dối trá và luồn lách luật pháp.","Not exact or fully supported comma/semicolon-separated excerpts; may be paraphrase, expansion, or invention. Requires semantic review."
"quote_not_found","swords.json","303","swords-07","upright","shadow","RSK","1","đùa với lửa","Nguy cơ bị bắt quả tang và mất sạch uy tín.","Not exact or fully supported comma/semicolon-separated excerpts; may be paraphrase, expansion, or invention. Requires semantic review."
"quote_not_found","swords.json","303","swords-07","upright","shadow","INT","-1","khôn lỏi","Dùng trí thông minh vào trò vặt vãnh ngắn hạn thay vì đạo lý lớn.","Not exact or fully supported comma/semicolon-separated excerpts; may be paraphrase, expansion, or invention. Requires semantic review."
"metadata_mismatch","swords.json","328","swords-07","reversed","","","","","","cardNameEn"
"fragmented_quote","swords.json","328","swords-07","reversed","core","ACT","1","thú nhận, sửa sai","Chủ động bước ra ánh sáng, trả lại đồ đã lấy và nhận lỗi.","Every comma/semicolon-separated fragment occurs in source; whole quote is not contiguous."
"quote_not_found","swords.json","328","swords-07","reversed","core","EMO","1","thanh thản lương tâm","Trút bỏ gánh nặng dối trá, tìm lại sự thanh khiết trong tâm hồn.","Not exact or fully supported comma/semicolon-separated excerpts; may be paraphrase, expansion, or invention. Requires semantic review."
"quote_not_found","swords.json","328","swords-07","reversed","core","STR","2","khôi phục tính chính trực","Tái lập sự minh bạch và luật chơi sòng phẳng.","Not exact or fully supported comma/semicolon-separated excerpts; may be paraphrase, expansion, or invention. Requires semantic review."
"quote_not_found","swords.json","328","swords-07","reversed","core","RSK","2","dũng cảm thú nhận","Can đảm đối diện với sự trừng phạt để làm lại từ đầu.","Not exact or fully supported comma/semicolon-separated excerpts; may be paraphrase, expansion, or invention. Requires semantic review."
"quote_not_found","swords.json","328","swords-07","reversed","core","INT","2","lương tri thức tỉnh","Nhận ra rằng sự gian dối không bao giờ đem lại thành công bền vững.","Not exact or fully supported comma/semicolon-separated excerpts; may be paraphrase, expansion, or invention. Requires semantic review."
"quote_not_found","swords.json","328","swords-07","reversed","shadow","ACT","-1","bị bắt quả tang","Bị vạch mặt tại trận, ê chề nhục nhã.","Not exact or fully supported comma/semicolon-separated excerpts; may be paraphrase, expansion, or invention. Requires semantic review."
"quote_not_found","swords.json","328","swords-07","reversed","shadow","EMO","-2","bị lộ tẩy, nhục nhã","Mất sạch danh dự, bị cộng đồng lên án và tẩy chay.","Not exact or fully supported comma/semicolon-separated excerpts; may be paraphrase, expansion, or invention. Requires semantic review."
"quote_not_found","swords.json","328","swords-07","reversed","shadow","STR","-1","kế hoạch đổ bể","Mưu mẹo bị lộ, toàn bộ cấu trúc ngầm bị phá hủy.","Not exact or fully supported comma/semicolon-separated excerpts; may be paraphrase, expansion, or invention. Requires semantic review."
"quote_not_found","swords.json","328","swords-07","reversed","shadow","RSK","-1","sợ trừng phạt","Run rẩy lo sợ trước sự phán xét của công lý.","Not exact or fully supported comma/semicolon-separated excerpts; may be paraphrase, expansion, or invention. Requires semantic review."
"quote_not_found","swords.json","328","swords-07","reversed","shadow","INT","-1","hối hận muộn màng","Chỉ nhận lỗi khi không còn đường chối cãi.","Not exact or fully supported comma/semicolon-separated excerpts; may be paraphrase, expansion, or invention. Requires semantic review."
"metadata_mismatch","swords.json","353","swords-08","upright","","","","","","cardNameEn"
"quote_not_found","swords.json","353","swords-08","upright","core","ACT","-1","dò dẫm từng bước","Dù bị trói nhưng chân vẫn không bị cùm, vẫn có thể bước đi.","Not exact or fully supported comma/semicolon-separated excerpts; may be paraphrase, expansion, or invention. Requires semantic review."
"quote_not_found","swords.json","353","swords-08","upright","core","STR","0","dây trói vốn lỏng lẻo","Nhận ra những thanh kiếm xung quanh không hề cắm vào da thịt.","Not exact or fully supported comma/semicolon-separated excerpts; may be paraphrase, expansion, or invention. Requires semantic review."
"quote_not_found","swords.json","353","swords-08","upright","core","INT","1","tiềm năng tự cởi trói","Bắt đầu nhận thức rằng ngục tù này là do chính tâm trí mình tạo dựng.","Not exact or fully supported comma/semicolon-separated excerpts; may be paraphrase, expansion, or invention. Requires semantic review."
"quote_not_found","swords.json","353","swords-08","upright","shadow","ACT","-2","mắc kẹt hoàn toàn","Bất động, đứng im trong bãi lầy vì tưởng mình bị xiềng xích kiên cố.","Not exact or fully supported comma/semicolon-separated excerpts; may be paraphrase, expansion, or invention. Requires semantic review."
"quote_not_found","swords.json","353","swords-08","upright","shadow","EMO","-2","sợ hãi, bất lực","Tâm lý nạn nhân, cảm giác cô độc tuyệt vọng giữa vòng vây quân thù ảo.","Not exact or fully supported comma/semicolon-separated excerpts; may be paraphrase, expansion, or invention. Requires semantic review."
"quote_not_found","swords.json","353","swords-08","upright","shadow","RSK","-2","sợ hãi cử động","Sợ chạm vào lưỡi kiếm đến mức không dám nhúc nhích.","Not exact or fully supported comma/semicolon-separated excerpts; may be paraphrase, expansion, or invention. Requires semantic review."
"quote_not_found","swords.json","353","swords-08","upright","shadow","INT","-2","ảo tưởng giam cầm","Mù quáng tin vào những lời dọa dẫm hão huyền, đánh mất hoàn toàn lý trí.","Not exact or fully supported comma/semicolon-separated excerpts; may be paraphrase, expansion, or invention. Requires semantic review."
"metadata_mismatch","swords.json","378","swords-08","reversed","","","","","","cardNameEn"
"fragmented_quote","swords.json","378","swords-08","reversed","core","ACT","2","tự do, giải phóng","Rũ bỏ dây trói, tháo dải băng bịt mắt, sải bước ra khỏi vòng vây kiếm.","Every comma/semicolon-separated fragment occurs in source; whole quote is not contiguous."
"quote_not_found","swords.json","378","swords-08","reversed","core","EMO","2","nhẹ nhõm, tự do","Hạnh phúc vỡ òa khi nhận ra mình hoàn toàn tự do và làm chủ đời mình.","Not exact or fully supported comma/semicolon-separated excerpts; may be paraphrase, expansion, or invention. Requires semantic review."
"quote_not_found","swords.json","378","swords-08","reversed","core","STR","1","phá bỏ rào cản tự tạo","Đập tan các niềm tin giới hạn cũ để thiết lập tư duy cởi mở.","Not exact or fully supported comma/semicolon-separated excerpts; may be paraphrase, expansion, or invention. Requires semantic review."
"quote_not_found","swords.json","378","swords-08","reversed","core","RSK","2","dũng khí tự giải thoát","Dám bước qua những lưỡi kiếm hù dọa để giành lấy độc lập.","Not exact or fully supported comma/semicolon-separated excerpts; may be paraphrase, expansion, or invention. Requires semantic review."
"quote_not_found","swords.json","378","swords-08","reversed","core","INT","2","góc nhìn mới, thức tỉnh nhận thức","Đột phá tư duy, nhìn thấu trò lừa bịp của nỗi sợ tâm lý.","Not exact or fully supported comma/semicolon-separated excerpts; may be paraphrase, expansion, or invention. Requires semantic review."
"quote_not_found","swords.json","378","swords-08","reversed","shadow","EMO","-1","bỡ ngỡ sau giải phóng","Hơi choáng ngợp trước không gian tự do quá rộng lớn.","Not exact or fully supported comma/semicolon-separated excerpts; may be paraphrase, expansion, or invention. Requires semantic review."
"metadata_mismatch","swords.json","403","swords-09","upright","","","","","","cardNameEn"
"quote_not_found","swords.json","403","swords-09","upright","core","ACT","0","ngồi ôm mặt trên giường","Dừng lại mọi hoạt động trong đêm để đối mặt với cơn khủng hoảng tinh thần.","Not exact or fully supported comma/semicolon-separated excerpts; may be paraphrase, expansion, or invention. Requires semantic review."
"quote_not_found","swords.json","403","swords-09","upright","core","EMO","-1","lo âu sâu sắc","Thừa nhận nỗi sợ hãi tột cùng đang hành hạ tâm can.","Not exact or fully supported comma/semicolon-separated excerpts; may be paraphrase, expansion, or invention. Requires semantic review."
"quote_not_found","swords.json","403","swords-09","upright","core","INT","1","nhận diện bóng ma tâm lý","Bắt đầu hiểu rằng 9 thanh kiếm chỉ treo trên tường chứ không chạm vào cơ thể.","Not exact or fully supported comma/semicolon-separated excerpts; may be paraphrase, expansion, or invention. Requires semantic review."
"quote_not_found","swords.json","403","swords-09","upright","shadow","ACT","-2","tê liệt vì lo âu","Mất ngủ, kiệt quệ thần kinh, không còn sức lực để làm bất cứ việc gì.","Not exact or fully supported comma/semicolon-separated excerpts; may be paraphrase, expansion, or invention. Requires semantic review."
"quote_not_found","swords.json","403","swords-09","upright","shadow","EMO","-2","lo âu, ác mộng, suy diễn, tuyệt vọng","Trầm cảm, hoảng loạn, chìm sâu vào hố đen mặc cảm và tội lỗi.","Not exact or fully supported comma/semicolon-separated excerpts; may be paraphrase, expansion, or invention. Requires semantic review."
"quote_not_found","swords.json","403","swords-09","upright","shadow","STR","-2","suy diễn mất kiểm soát","Tâm trí suy diễn tiêu cực thành cơn cuồng phong xé nát lý trí.","Not exact or fully supported comma/semicolon-separated excerpts; may be paraphrase, expansion, or invention. Requires semantic review."
"quote_not_found","swords.json","403","swords-09","upright","shadow","RSK","-2","khiếp sợ màn đêm","Sợ hãi mọi thứ, nhìn đâu cũng thấy thảm họa và sự trừng phạt.","Not exact or fully supported comma/semicolon-separated excerpts; may be paraphrase, expansion, or invention. Requires semantic review."
"quote_not_found","swords.json","403","swords-09","upright","shadow","INT","-2","ác mộng che mờ hiện thực","Tự tra tấn mình bằng những kịch bản đen tối hoàn toàn không có thật.","Not exact or fully supported comma/semicolon-separated excerpts; may be paraphrase, expansion, or invention. Requires semantic review."
"metadata_mismatch","swords.json","428","swords-09","reversed","","","","","","cardNameEn"
"quote_not_found","swords.json","428","swords-09","reversed","core","ACT","1","tìm hỗ trợ, bước xuống giường","Chủ động với tay tìm kiếm sự giúp đỡ từ bạn bè hoặc chuyên gia tâm lý.","Not exact or fully supported comma/semicolon-separated excerpts; may be paraphrase, expansion, or invention. Requires semantic review."
"quote_not_found","swords.json","428","swords-09","reversed","core","EMO","2","hy vọng, hồi phục, bình an trở lại","Ánh bình minh xua tan ác mộng, lòng nhẹ nhõm khi cơn hoảng loạn đi qua.","Not exact or fully supported comma/semicolon-separated excerpts; may be paraphrase, expansion, or invention. Requires semantic review."
"quote_not_found","swords.json","428","swords-09","reversed","core","STR","1","lập lại nề nếp nghỉ ngơi","Khôi phục thói quen ngủ nghỉ và chăm sóc sức khỏe tinh thần.","Not exact or fully supported comma/semicolon-separated excerpts; may be paraphrase, expansion, or invention. Requires semantic review."
"quote_not_found","swords.json","428","swords-09","reversed","core","RSK","1","dũng cảm chia sẻ nỗi sợ","Không giấu giếm nỗi sợ trong bóng tối mà mang ra ánh sáng để giải quyết.","Not exact or fully supported comma/semicolon-separated excerpts; may be paraphrase, expansion, or invention. Requires semantic review."
"quote_not_found","swords.json","428","swords-09","reversed","core","INT","2","thức tỉnh khỏi cơn ác mộng","Nhận ra rằng những bóng ma chỉ là sản phẩm của trí tưởng tượng lo âu.","Not exact or fully supported comma/semicolon-separated excerpts; may be paraphrase, expansion, or invention. Requires semantic review."
"quote_not_found","swords.json","428","swords-09","reversed","shadow","EMO","-1","tàn dư lo lắng","Thỉnh thoảng vẫn giật mình thon thót khi đêm xuống.","Not exact or fully supported comma/semicolon-separated excerpts; may be paraphrase, expansion, or invention. Requires semantic review."
"metadata_mismatch","swords.json","453","swords-10","upright","","","","","","cardNameEn"
"quote_not_found","swords.json","453","swords-10","upright","core","ACT","-2","chạm đáy, nằm sấp bất động","Mọi việc đã kết thúc hoàn toàn, không còn gì tồi tệ hơn có thể xảy ra.","Not exact or fully supported comma/semicolon-separated excerpts; may be paraphrase, expansion, or invention. Requires semantic review."
"quote_not_found","swords.json","453","swords-10","upright","core","EMO","-1","chấp nhận kết cục đau đớn","Chấm dứt sự kháng cự vô ích, buông bỏ tất cả để đóng lại chương cũ.","Not exact or fully supported comma/semicolon-separated excerpts; may be paraphrase, expansion, or invention. Requires semantic review."
"quote_not_found","swords.json","453","swords-10","upright","core","STR","-2","sụp đổ toàn diện","Kế hoạch cũ đã chết hẳn, không còn khả năng cứu vãn.","Not exact or fully supported comma/semicolon-separated excerpts; may be paraphrase, expansion, or invention. Requires semantic review."
"quote_not_found","swords.json","453","swords-10","upright","core","RSK","0","không còn gì để mất","Khi đã chạm đáy vực thì con đường duy nhất là đi lên.","Not exact or fully supported comma/semicolon-separated excerpts; may be paraphrase, expansion, or invention. Requires semantic review."
"quote_not_found","swords.json","453","swords-10","upright","core","INT","2","ánh bình minh vàng phía chân trời","Nhìn thấy tia sáng bình minh le lói báo hiệu một chu kỳ mới sắp bắt đầu.","Not exact or fully supported comma/semicolon-separated excerpts; may be paraphrase, expansion, or invention. Requires semantic review."
"quote_not_found","swords.json","453","swords-10","upright","shadow","ACT","-2","thất bại thảm hại","Gục ngã hoàn toàn, không thể ngẩng đầu lên.","Not exact or fully supported comma/semicolon-separated excerpts; may be paraphrase, expansion, or invention. Requires semantic review."
"quote_not_found","swords.json","453","swords-10","upright","shadow","EMO","-2","kết thúc đau, bị đâm sau lưng","Đau đớn tột cùng, cảm giác bị phản bội và ruồng bỏ cay đắng.","Not exact or fully supported comma/semicolon-separated excerpts; may be paraphrase, expansion, or invention. Requires semantic review."
"quote_not_found","swords.json","453","swords-10","upright","shadow","STR","-2","thảm bại","Đổ vỡ toàn diện, mất sạch nguồn lực và vị thế.","Not exact or fully supported comma/semicolon-separated excerpts; may be paraphrase, expansion, or invention. Requires semantic review."
"quote_not_found","swords.json","453","swords-10","upright","shadow","RSK","-2","chết mòn trong tuyệt vọng","Tâm lý buông xuôi, muốn từ bỏ tất cả.","Not exact or fully supported comma/semicolon-separated excerpts; may be paraphrase, expansion, or invention. Requires semantic review."
"quote_not_found","swords.json","453","swords-10","upright","shadow","INT","-1","đắm chìm trong bi kịch thái quá","Kịch tính hóa nỗi đau của mình như nạn nhân xấu số nhất trần gian.","Not exact or fully supported comma/semicolon-separated excerpts; may be paraphrase, expansion, or invention. Requires semantic review."
"metadata_mismatch","swords.json","478","swords-10","reversed","","","","","","cardNameEn"
"quote_not_found","swords.json","478","swords-10","reversed","core","ACT","1","ngồi dậy, sống lại, bắt đầu phục hồi","Cử động lại từng ngón tay, đứng dậy khỏi mặt đất sau cơn bão táp.","Not exact or fully supported comma/semicolon-separated excerpts; may be paraphrase, expansion, or invention. Requires semantic review."
"quote_not_found","swords.json","478","swords-10","reversed","core","EMO","2","qua cơn, nhẹ nhõm, hồi sinh","Sống sót qua cơn thập tử nhất sinh, trân quý từng hơi thở của cuộc đời.","Not exact or fully supported comma/semicolon-separated excerpts; may be paraphrase, expansion, or invention. Requires semantic review."
"quote_not_found","swords.json","478","swords-10","reversed","core","STR","1","rút kiếm ra khỏi lưng","Bắt đầu dọn dẹp đống đổ nát để tái thiết từ con số 0.","Not exact or fully supported comma/semicolon-separated excerpts; may be paraphrase, expansion, or invention. Requires semantic review."
"quote_not_found","swords.json","478","swords-10","reversed","core","RSK","2","sống lại từ cõi chết","Không còn sợ bất cứ điều gì nữa vì điều tồi tệ nhất đã vượt qua.","Not exact or fully supported comma/semicolon-separated excerpts; may be paraphrase, expansion, or invention. Requires semantic review."
"quote_not_found","swords.json","478","swords-10","reversed","core","INT","2","tái sinh tinh thần","Giác ngộ vĩ đại về sức sống bất diệt của linh hồn con người.","Not exact or fully supported comma/semicolon-separated excerpts; may be paraphrase, expansion, or invention. Requires semantic review."
"quote_not_found","swords.json","478","swords-10","reversed","shadow","ACT","0","chưa hoàn toàn hồi phục","Vẫn còn yếu ớt, cần thời gian tịnh dưỡng.","Not exact or fully supported comma/semicolon-separated excerpts; may be paraphrase, expansion, or invention. Requires semantic review."
"quote_not_found","swords.json","478","swords-10","reversed","shadow","EMO","-1","ám ảnh tàn dư","Vẫn còn giật mình khi nghĩ lại khoảnh khắc bị đâm sau lưng.","Not exact or fully supported comma/semicolon-separated excerpts; may be paraphrase, expansion, or invention. Requires semantic review."
"quote_not_found","swords.json","503","swords-11","upright","core","ACT","1","cầm kiếm cảnh giác, sẵn sàng phản ứng","Nhanh nhẹn, linh hoạt, luôn trong tư thế sẵn sàng bảo vệ ý kiến.","Not exact or fully supported comma/semicolon-separated excerpts; may be paraphrase, expansion, or invention. Requires semantic review."
"quote_not_found","swords.json","503","swords-11","upright","core","STR","1","học hỏi, tư duy phản biện","Não bộ sắc sảo, ham học hỏi, thích đặt câu hỏi lật lại vấn đề.","Not exact or fully supported comma/semicolon-separated excerpts; may be paraphrase, expansion, or invention. Requires semantic review."
"quote_not_found","swords.json","503","swords-11","upright","core","RSK","1","tò mò khám phá sự thật","Dám đào sâu tìm kiếm thông tin không ngại điều tiếng.","Not exact or fully supported comma/semicolon-separated excerpts; may be paraphrase, expansion, or invention. Requires semantic review."
"quote_not_found","swords.json","503","swords-11","upright","core","INT","1","cảnh giác cao độ","Nhạy bén phát hiện các nguy cơ hoặc điều bất thường từ xa.","Not exact or fully supported comma/semicolon-separated excerpts; may be paraphrase, expansion, or invention. Requires semantic review."
"quote_not_found","swords.json","503","swords-11","upright","shadow","ACT","1","lăng xăng","Có thể quá sốt sắng can thiệp vào chuyện người khác.","Not exact or fully supported comma/semicolon-separated excerpts; may be paraphrase, expansion, or invention. Requires semantic review."
"quote_not_found","swords.json","503","swords-11","upright","shadow","EMO","-1","săm soi","Thích bới lông tìm vết, hay săm soi lỗi lầm của xung quanh.","Not exact or fully supported comma/semicolon-separated excerpts; may be paraphrase, expansion, or invention. Requires semantic review."
"quote_not_found","swords.json","528","swords-11","reversed","core","ACT","0","học cách im lặng lắng nghe","Biết khóa miệng lại, ngừng phát ngôn bừa bãi khi chưa hiểu rõ chuyện.","Not exact or fully supported comma/semicolon-separated excerpts; may be paraphrase, expansion, or invention. Requires semantic review."
"quote_not_found","swords.json","528","swords-11","reversed","core","EMO","1","tránh làm tổn thương người khác","Ý thức được tác hại của những lời đồn thổi ác ý.","Not exact or fully supported comma/semicolon-separated excerpts; may be paraphrase, expansion, or invention. Requires semantic review."
"quote_not_found","swords.json","528","swords-11","reversed","core","STR","1","kiểm chứng nguồn tin","Tập thói quen xác minh sự thật trước khi lan truyền.","Not exact or fully supported comma/semicolon-separated excerpts; may be paraphrase, expansion, or invention. Requires semantic review."
"quote_not_found","swords.json","528","swords-11","reversed","core","RSK","-1","tránh hấp tấp","Kìm hãm bản tính nóng vội muốn thể hiện bản thân.","Not exact or fully supported comma/semicolon-separated excerpts; may be paraphrase, expansion, or invention. Requires semantic review."
"quote_not_found","swords.json","528","swords-11","reversed","core","INT","1","rèn luyện sự chín chắn","Trưởng thành hơn trong cách tư duy và tiếp nhận thông tin.","Not exact or fully supported comma/semicolon-separated excerpts; may be paraphrase, expansion, or invention. Requires semantic review."
"quote_not_found","swords.json","528","swords-11","reversed","shadow","ACT","1","hấp tấp, phát ngôn bừa","Nói trước nghĩ sau, buôn chuyện thị phi gây họa sát thân.","Not exact or fully supported comma/semicolon-separated excerpts; may be paraphrase, expansion, or invention. Requires semantic review."
"quote_not_found","swords.json","528","swords-11","reversed","shadow","EMO","-2","lời đồn ác ý","Đâm bị thóc chọc bị gạo, thích thêu dệt tin đồn thất thiệt hại người.","Not exact or fully supported comma/semicolon-separated excerpts; may be paraphrase, expansion, or invention. Requires semantic review."
"quote_not_found","swords.json","528","swords-11","reversed","shadow","STR","-2","thiếu chín chắn, nông nổi","Trẻ trâu, hiếu thắng, cãi cùn không có căn cứ logic.","Not exact or fully supported comma/semicolon-separated excerpts; may be paraphrase, expansion, or invention. Requires semantic review."
"quote_not_found","swords.json","528","swords-11","reversed","shadow","RSK","1","liều lĩnh vô căn cứ","Mang chuyện bí mật của người khác ra rêu rao mua vui.","Not exact or fully supported comma/semicolon-separated excerpts; may be paraphrase, expansion, or invention. Requires semantic review."
"quote_not_found","swords.json","528","swords-11","reversed","shadow","INT","-2","mất lý trí vì tọc mạch","Tâm trí bị đầu độc bởi những thông tin rác rưởi trên mạng xã hội.","Not exact or fully supported comma/semicolon-separated excerpts; may be paraphrase, expansion, or invention. Requires semantic review."
"quote_not_found","swords.json","553","swords-12","upright","core","ACT","2","quyết liệt, tốc độ, phi nước đại","Lao thẳng vào mục tiêu với tốc độ cuồng phong và ý chí sắt đá.","Not exact or fully supported comma/semicolon-separated excerpts; may be paraphrase, expansion, or invention. Requires semantic review."
"quote_not_found","swords.json","553","swords-12","upright","core","EMO","0","tập trung vào mục tiêu","Gạt bỏ mọi cảm xúc vướng víu để hoàn thành nhiệm vụ tối thượng.","Not exact or fully supported comma/semicolon-separated excerpts; may be paraphrase, expansion, or invention. Requires semantic review."
"quote_not_found","swords.json","553","swords-12","upright","core","STR","1","tham vọng rõ ràng","Định hướng mũi kiếm thẳng tắp vào hồng tâm, không chệch hướng.","Not exact or fully supported comma/semicolon-separated excerpts; may be paraphrase, expansion, or invention. Requires semantic review."
"quote_not_found","swords.json","553","swords-12","upright","core","RSK","2","dũng mãnh phi vào bão","Không sợ bất cứ kẻ thù nào cản đường, can trường xung trận.","Not exact or fully supported comma/semicolon-separated excerpts; may be paraphrase, expansion, or invention. Requires semantic review."
"quote_not_found","swords.json","553","swords-12","upright","core","INT","1","trí tuệ sắc bén","Phản xạ thần tốc, tư duy chiến thuật nhanh như chớp.","Not exact or fully supported comma/semicolon-separated excerpts; may be paraphrase, expansion, or invention. Requires semantic review."
"quote_not_found","swords.json","553","swords-12","upright","shadow","ACT","2","lao quá nhanh","Có thể giẫm đạp lên đồng đội trên đường xung phong.","Not exact or fully supported comma/semicolon-separated excerpts; may be paraphrase, expansion, or invention. Requires semantic review."
"quote_not_found","swords.json","553","swords-12","upright","shadow","EMO","-2","tàn nhẫn, lạnh lùng","Xem thường cảm xúc, ăn nói tàn nhẫn làm tổn thương người thân.","Not exact or fully supported comma/semicolon-separated excerpts; may be paraphrase, expansion, or invention. Requires semantic review."
"quote_not_found","swords.json","553","swords-12","upright","shadow","RSK","2","liều lĩnh","Đâm đầu vào bẫy phục kích vì quá khinh địch.","Not exact or fully supported comma/semicolon-separated excerpts; may be paraphrase, expansion, or invention. Requires semantic review."
"quote_not_found","swords.json","578","swords-12","reversed","core","ACT","-1","ghìm cương chiến mã","Chủ động hãm phanh lại trước khi lao xuống bờ vực.","Not exact or fully supported comma/semicolon-separated excerpts; may be paraphrase, expansion, or invention. Requires semantic review."
"quote_not_found","swords.json","578","swords-12","reversed","core","STR","1","tìm lại phương hướng","Định hình lại la bàn chiến lược thay vì chém giết mù quáng.","Not exact or fully supported comma/semicolon-separated excerpts; may be paraphrase, expansion, or invention. Requires semantic review."
"quote_not_found","swords.json","578","swords-12","reversed","core","RSK","-1","tránh liều lĩnh tự sát","Nhận ra sự điên rồ của việc đâm đầu vào tường đá.","Not exact or fully supported comma/semicolon-separated excerpts; may be paraphrase, expansion, or invention. Requires semantic review."
"quote_not_found","swords.json","578","swords-12","reversed","core","INT","1","tỉnh ngộ khỏi cơn cuồng sát","Hạ nhiệt cái đầu nóng để nhìn rõ cục diện.","Not exact or fully supported comma/semicolon-separated excerpts; may be paraphrase, expansion, or invention. Requires semantic review."
"quote_not_found","swords.json","578","swords-12","reversed","shadow","ACT","2","công kích cuồng loạn","Hung hăng, gây hấn khắp nơi, biến thành cỗ máy phá hoại.","Not exact or fully supported comma/semicolon-separated excerpts; may be paraphrase, expansion, or invention. Requires semantic review."
"quote_not_found","swords.json","578","swords-12","reversed","shadow","EMO","-2","hung tợn, thù hằn","Bạo lực ngôn từ, công kích cá nhân tàn độc không thương tiếc.","Not exact or fully supported comma/semicolon-separated excerpts; may be paraphrase, expansion, or invention. Requires semantic review."
"quote_not_found","swords.json","578","swords-12","reversed","shadow","STR","-2","mất hướng hoàn toàn","Mất kiểm soát tay lái, chém loạn xạ cả địch lẫn ta.","Not exact or fully supported comma/semicolon-separated excerpts; may be paraphrase, expansion, or invention. Requires semantic review."
"quote_not_found","swords.json","578","swords-12","reversed","shadow","RSK","2","liều lĩnh mù quáng","Thiêu thân lao vào lửa chỉ để thỏa mãn cơn điên cuồng nhất thời.","Not exact or fully supported comma/semicolon-separated excerpts; may be paraphrase, expansion, or invention. Requires semantic review."
"quote_not_found","swords.json","578","swords-12","reversed","shadow","INT","-2","mất hết lý trí","Cơn cuồng nộ làm tê liệt hoàn toàn trí thông minh.","Not exact or fully supported comma/semicolon-separated excerpts; may be paraphrase, expansion, or invention. Requires semantic review."
"quote_not_found","swords.json","603","swords-13","upright","core","ACT","1","tay giơ kiếm, tay dang rộng công tâm","Hành động chuẩn mực, minh bạch và dứt khoát bảo vệ chân lý.","Not exact or fully supported comma/semicolon-separated excerpts; may be paraphrase, expansion, or invention. Requires semantic review."
"quote_not_found","swords.json","603","swords-13","upright","core","EMO","0","thành thật, không giả tạo","Tình cảm chân thành không nịnh bợ, yêu ghét rõ ràng minh bạch.","Not exact or fully supported comma/semicolon-separated excerpts; may be paraphrase, expansion, or invention. Requires semantic review."
"quote_not_found","swords.json","603","swords-13","upright","core","STR","2","ranh giới rõ ràng, độc lập","Bậc thầy về thiết lập ranh giới cá nhân và tư duy logic sắc lạnh.","Not exact or fully supported comma/semicolon-separated excerpts; may be paraphrase, expansion, or invention. Requires semantic review."
"quote_not_found","swords.json","603","swords-13","upright","core","RSK","1","thành thật nói thẳng","Dám nói thẳng sự thật mất lòng mà không sợ bị ghét bỏ.","Not exact or fully supported comma/semicolon-separated excerpts; may be paraphrase, expansion, or invention. Requires semantic review."
"quote_not_found","swords.json","603","swords-13","upright","core","INT","2","thấu thị sự thật, trí tuệ sắc bén","Trực giác lý trí đỉnh cao, nhìn thấu mọi lời dối trá nịnh hót chỉ trong chớp mắt.","Not exact or fully supported comma/semicolon-separated excerpts; may be paraphrase, expansion, or invention. Requires semantic review."
"quote_not_found","swords.json","603","swords-13","upright","shadow","EMO","-1","xa cách","Có thể quá nghiêm nghị khiến người khác sợ hãi không dám gần gũi.","Not exact or fully supported comma/semicolon-separated excerpts; may be paraphrase, expansion, or invention. Requires semantic review."
"quote_not_found","swords.json","603","swords-13","upright","shadow","STR","1","nguyên tắc","Rất khó thỏa hiệp nếu đối phương vi phạm tiêu chuẩn chính trực.","Not exact or fully supported comma/semicolon-separated excerpts; may be paraphrase, expansion, or invention. Requires semantic review."
"quote_not_found","swords.json","628","swords-13","reversed","core","ACT","0","cần nhìn lại sự cay nghiệt","Hạ thanh kiếm chỉ trích xuống để tự chữa lành vết thương lòng.","Not exact or fully supported comma/semicolon-separated excerpts; may be paraphrase, expansion, or invention. Requires semantic review."
"quote_not_found","swords.json","628","swords-13","reversed","core","EMO","1","làm mềm trái tim","Học cách bao dung và xoa dịu nỗi đau bị phụ bạc trong quá khứ.","Not exact or fully supported comma/semicolon-separated excerpts; may be paraphrase, expansion, or invention. Requires semantic review."
"quote_not_found","swords.json","628","swords-13","reversed","core","STR","1","giảm bớt sự khắt khe","Điều chỉnh lại tiêu chuẩn phán xét bớt độc đoán hơn.","Not exact or fully supported comma/semicolon-separated excerpts; may be paraphrase, expansion, or invention. Requires semantic review."
"quote_not_found","swords.json","628","swords-13","reversed","core","INT","1","thấy rõ nỗi đau đằng sau vẻ lạnh lùng","Thừa nhận sự cô đơn cay đắng đằng sau lớp áo giáp sắt đá.","Not exact or fully supported comma/semicolon-separated excerpts; may be paraphrase, expansion, or invention. Requires semantic review."
"quote_not_found","swords.json","628","swords-13","reversed","shadow","ACT","1","cắt đứt tàn nhẫn","Hành vi trả đũa cay nghiệt, dùng sự sắc bén để đày đọa người khác.","Not exact or fully supported comma/semicolon-separated excerpts; may be paraphrase, expansion, or invention. Requires semantic review."
"quote_not_found","swords.json","628","swords-13","reversed","shadow","STR","-1","độc đoán giáo điều","Dùng lý lẽ để bóp nghẹt mọi tiếng nói yếu thế hơn.","Not exact or fully supported comma/semicolon-separated excerpts; may be paraphrase, expansion, or invention. Requires semantic review."
"quote_not_found","swords.json","628","swords-13","reversed","shadow","RSK","-1","đóng chặt lòng mình","Không bao giờ dám tin bất kỳ ai vì ám ảnh phản bội.","Not exact or fully supported comma/semicolon-separated excerpts; may be paraphrase, expansion, or invention. Requires semantic review."
"quote_not_found","swords.json","628","swords-13","reversed","shadow","INT","-2","trí thông minh độc hại","Dùng sự sắc sảo để soi mói và tiêu diệt lòng tự trọng của đối phương.","Not exact or fully supported comma/semicolon-separated excerpts; may be paraphrase, expansion, or invention. Requires semantic review."
"source_mismatch","swords.json","653","swords-14","upright","","","","","","Từ khóa: lý trí, quyền uy, công bằng. Ý nghĩa: Nhà Vua Kiếm xuôi nhấn mạnh lý trí, quyền uy, công bằng; hãy liên hệ năng lượng này với vị trí của lá trong trải bài."
"metadata_mismatch","swords.json","653","swords-14","upright","","","","","","cardNameVi"
"quote_not_found","swords.json","653","swords-14","upright","core","ACT","2","thực thi công lý, quyền uy","Hành động dứt khoát của vị quan tòa tối cao cầm thanh gươm chân lý.","Not exact or fully supported comma/semicolon-separated excerpts; may be paraphrase, expansion, or invention. Requires semantic review."
"quote_not_found","swords.json","653","swords-14","upright","core","EMO","0","công tâm vô tư","Đặt luật pháp và sự thật lên trên mọi thiên vị cảm xúc cá nhân.","Not exact or fully supported comma/semicolon-separated excerpts; may be paraphrase, expansion, or invention. Requires semantic review."
"quote_not_found","swords.json","653","swords-14","upright","core","STR","2","lý trí, công bằng, kỷ cương","Đỉnh cao của trật tự pháp lý, tư duy logic cấu trúc và chuẩn mực xã hội.","Not exact or fully supported comma/semicolon-separated excerpts; may be paraphrase, expansion, or invention. Requires semantic review."
"quote_not_found","swords.json","653","swords-14","upright","core","RSK","1","bảo vệ chân lý","Không khoan nhượng trước sự gian dối, dám đứng ra phán xử đại sự.","Not exact or fully supported comma/semicolon-separated excerpts; may be paraphrase, expansion, or invention. Requires semantic review."
"quote_not_found","swords.json","653","swords-14","upright","core","INT","2","trí tuệ uyên bác","Khả năng phân tích siêu việt, phán xét công minh không một tì vết.","Not exact or fully supported comma/semicolon-separated excerpts; may be paraphrase, expansion, or invention. Requires semantic review."
"quote_not_found","swords.json","653","swords-14","upright","shadow","ACT","1","phán xét nghiêm khắc","Có thể quá chuyên quyền trong việc thi hành án phạt.","Not exact or fully supported comma/semicolon-separated excerpts; may be paraphrase, expansion, or invention. Requires semantic review."
"quote_not_found","swords.json","653","swords-14","upright","shadow","EMO","-2","máu lạnh","Thiếu đi hơi ấm tình người, cư xử như một cỗ máy vô cảm.","Not exact or fully supported comma/semicolon-separated excerpts; may be paraphrase, expansion, or invention. Requires semantic review."
"quote_not_found","swords.json","653","swords-14","upright","shadow","STR","2","kỷ cương thép","Cứng nhắc đến mức tàn nhẫn, áp dụng luật pháp máy móc.","Not exact or fully supported comma/semicolon-separated excerpts; may be paraphrase, expansion, or invention. Requires semantic review."
"source_mismatch","swords.json","678","swords-14","reversed","","","","","","Từ khóa: độc đoán, tàn nhẫn, lạm quyền. Ý nghĩa: Nhà Vua Kiếm ngược gợi ý độc đoán, tàn nhẫn, lạm quyền; đây là điểm cần nhìn lại thay vì một kết luận cố định."
"metadata_mismatch","swords.json","678","swords-14","reversed","","","","","","cardNameVi"
"quote_not_found","swords.json","678","swords-14","reversed","core","ACT","0","cần nhìn lại thói lạm quyền","Dừng lại việc dùng quyền lực để đàn áp người khác.","Not exact or fully supported comma/semicolon-separated excerpts; may be paraphrase, expansion, or invention. Requires semantic review."
"quote_not_found","swords.json","678","swords-14","reversed","core","EMO","1","tìm lại tính nhân văn","Học cách đưa lòng trắc ẩn vào trong các quyết định tư pháp.","Not exact or fully supported comma/semicolon-separated excerpts; may be paraphrase, expansion, or invention. Requires semantic review."
"quote_not_found","swords.json","678","swords-14","reversed","core","STR","1","khôi phục sự công tâm","Chỉnh đốn lại tính chính trực của hệ thống pháp lý.","Not exact or fully supported comma/semicolon-separated excerpts; may be paraphrase, expansion, or invention. Requires semantic review."
"quote_not_found","swords.json","678","swords-14","reversed","core","INT","1","nhìn ra sự tàn độc của mình","Thức tỉnh trước thói độc tài đang biến mình thành bạo chúa.","Not exact or fully supported comma/semicolon-separated excerpts; may be paraphrase, expansion, or invention. Requires semantic review."
"quote_not_found","swords.json","678","swords-14","reversed","shadow","ACT","2","lạm quyền, bạo ngược","Lạm dụng chức quyền để bức hại người vô tội, cai trị bằng nỗi sợ hãi.","Not exact or fully supported comma/semicolon-separated excerpts; may be paraphrase, expansion, or invention. Requires semantic review."
"quote_not_found","swords.json","678","swords-14","reversed","shadow","EMO","-2","tàn nhẫn, vô nhân đạo","Băng giá, độc ác, không màng đến sinh mạng và cảm xúc của đồng loại.","Not exact or fully supported comma/semicolon-separated excerpts; may be paraphrase, expansion, or invention. Requires semantic review."
"quote_not_found","swords.json","678","swords-14","reversed","shadow","STR","-2","độc đoán, bẻ cong luật pháp","Bẻ cong chân lý, dùng luật pháp làm công cụ thanh trừng đối thủ.","Not exact or fully supported comma/semicolon-separated excerpts; may be paraphrase, expansion, or invention. Requires semantic review."
"quote_not_found","swords.json","678","swords-14","reversed","shadow","RSK","1","bất chấp công lý","Dám làm những điều trái với luân thường đạo lý vì say mê quyền lực.","Not exact or fully supported comma/semicolon-separated excerpts; may be paraphrase, expansion, or invention. Requires semantic review."
"quote_not_found","swords.json","678","swords-14","reversed","shadow","INT","-2","trí tuệ ma quỷ","Sử dụng trí thông minh phi thường để bày mưu tính kế hãm hại người khác.","Not exact or fully supported comma/semicolon-separated excerpts; may be paraphrase, expansion, or invention. Requires semantic review."
"quote_not_found","pentacles.json","3","pentacles-01","upright","core","ACT","1","nắm bắt cơ hội thực tế","Chủ động đón lấy đồng tiền vàng trên bàn tay vũ trụ.","Not exact or fully supported comma/semicolon-separated excerpts; may be paraphrase, expansion, or invention. Requires semantic review."
"quote_not_found","pentacles.json","3","pentacles-01","upright","core","EMO","1","thịnh vượng, hoan hỉ","Cảm giác an tâm, no ấm và hạnh phúc trước món quà thực tế.","Not exact or fully supported comma/semicolon-separated excerpts; may be paraphrase, expansion, or invention. Requires semantic review."
"quote_not_found","pentacles.json","3","pentacles-01","upright","core","STR","2","nền tảng vật chất vững chắc","Đặt viên gạch đầu tiên cho một dự án thực tế sinh lời lâu dài.","Not exact or fully supported comma/semicolon-separated excerpts; may be paraphrase, expansion, or invention. Requires semantic review."
"quote_not_found","pentacles.json","3","pentacles-01","upright","core","RSK","1","khởi đầu đầu tư","Tự tin gieo hạt giống tiền bạc vào mảnh đất màu mỡ.","Not exact or fully supported comma/semicolon-separated excerpts; may be paraphrase, expansion, or invention. Requires semantic review."
"quote_not_found","pentacles.json","3","pentacles-01","upright","core","INT","1","nhận diện hạt mầm thịnh vượng","Trực giác nhạy bén phát hiện ra cơ hội kinh doanh sinh lời.","Not exact or fully supported comma/semicolon-separated excerpts; may be paraphrase, expansion, or invention. Requires semantic review."
"quote_not_found","pentacles.json","3","pentacles-01","upright","shadow","STR","1","quá tính toán vật chất","Có thể nhìn mọi thứ qua lăng kính tiền bạc thực dụng.","Not exact or fully supported comma/semicolon-separated excerpts; may be paraphrase, expansion, or invention. Requires semantic review."
"quote_not_found","pentacles.json","28","pentacles-01","reversed","core","STR","1","tính toán lại tài chính","Kiểm toán lại nguồn vốn để tránh thất thoát thêm.","Not exact or fully supported comma/semicolon-separated excerpts; may be paraphrase, expansion, or invention. Requires semantic review."
"quote_not_found","pentacles.json","28","pentacles-01","reversed","core","RSK","-1","thận trọng hơn trong đầu tư","Học bài học cảnh giác sau thương vụ đầu tư kém hiệu quả.","Not exact or fully supported comma/semicolon-separated excerpts; may be paraphrase, expansion, or invention. Requires semantic review."
"quote_not_found","pentacles.json","28","pentacles-01","reversed","core","INT","1","nhận ra sai lầm đầu tư","Thấu suốt nguyên nhân khiến dòng tiền bị tắc nghẽn.","Not exact or fully supported comma/semicolon-separated excerpts; may be paraphrase, expansion, or invention. Requires semantic review."
"quote_not_found","pentacles.json","28","pentacles-01","reversed","shadow","EMO","-1","tiếc nuối tiền bạc","Xót xa vì tiền mất tật mang, bực bội với bản thân.","Not exact or fully supported comma/semicolon-separated excerpts; may be paraphrase, expansion, or invention. Requires semantic review."
"quote_not_found","pentacles.json","28","pentacles-01","reversed","shadow","STR","-2","đầu tư kém, quản lý lỏng lẻo","Kế hoạch tài chính vụng về, chi tiêu hoang phí vô tội vạ.","Not exact or fully supported comma/semicolon-separated excerpts; may be paraphrase, expansion, or invention. Requires semantic review."
"quote_not_found","pentacles.json","28","pentacles-01","reversed","shadow","RSK","1","ném tiền qua cửa sổ","Đánh bạc tài chính vào những dự án ảo không có nền tảng.","Not exact or fully supported comma/semicolon-separated excerpts; may be paraphrase, expansion, or invention. Requires semantic review."
"metadata_mismatch","pentacles.json","53","pentacles-02","upright","","","","","","cardNameEn"
"quote_not_found","pentacles.json","53","pentacles-02","upright","core","ACT","2","tung hứng linh hoạt","Xoay sở tài tình giữa nhiều đầu việc cùng một lúc.","Not exact or fully supported comma/semicolon-separated excerpts; may be paraphrase, expansion, or invention. Requires semantic review."
"quote_not_found","pentacles.json","53","pentacles-02","upright","core","EMO","1","thảnh thơi trong nhịp điệu","Vui vẻ, lạc quan nhảy múa giữa những biến động của dòng đời.","Not exact or fully supported comma/semicolon-separated excerpts; may be paraphrase, expansion, or invention. Requires semantic review."
"quote_not_found","pentacles.json","53","pentacles-02","upright","core","RSK","1","lướt trên những con sóng lớn","Không sợ sóng gió, uyển chuyển thích ứng với biến động thị trường.","Not exact or fully supported comma/semicolon-separated excerpts; may be paraphrase, expansion, or invention. Requires semantic review."
"quote_not_found","pentacles.json","53","pentacles-02","upright","core","INT","1","biểu tượng vô cực","Thấu suốt quy luật tuần hoàn bất tận của dòng tiền và năng lượng.","Not exact or fully supported comma/semicolon-separated excerpts; may be paraphrase, expansion, or invention. Requires semantic review."
"quote_not_found","pentacles.json","53","pentacles-02","upright","shadow","ACT","1","bận rộn liên tục","Có thể xoay như chong chóng mà chưa tích lũy được giá trị lâu dài.","Not exact or fully supported comma/semicolon-separated excerpts; may be paraphrase, expansion, or invention. Requires semantic review."
"quote_not_found","pentacles.json","53","pentacles-02","upright","shadow","STR","0","giữ thăng bằng tạm thời","Cần tập trung cao độ, chỉ cần lơ là một chút là rơi bóng.","Not exact or fully supported comma/semicolon-separated excerpts; may be paraphrase, expansion, or invention. Requires semantic review."
"quote_not_found","pentacles.json","53","pentacles-02","upright","shadow","RSK","1","mạo hiểm xoay vòng vốn","Nguy cơ đứt gánh nếu các mắt xích dòng tiền gặp trục trặc.","Not exact or fully supported comma/semicolon-separated excerpts; may be paraphrase, expansion, or invention. Requires semantic review."
"metadata_mismatch","pentacles.json","78","pentacles-02","reversed","","","","","","cardNameEn"
"quote_not_found","pentacles.json","78","pentacles-02","reversed","core","ACT","0","dừng tung hứng lại","Hạ bớt các quả bóng xuống, tập trung giải quyết từng việc một.","Not exact or fully supported comma/semicolon-separated excerpts; may be paraphrase, expansion, or invention. Requires semantic review."
"quote_not_found","pentacles.json","78","pentacles-02","reversed","core","EMO","1","giảm tải áp lực","Hít thở sâu, thừa nhận rằng mình không phải là siêu nhân.","Not exact or fully supported comma/semicolon-separated excerpts; may be paraphrase, expansion, or invention. Requires semantic review."
"quote_not_found","pentacles.json","78","pentacles-02","reversed","core","STR","1","sắp xếp lại ưu tiên","Loại bỏ những việc râu ria để giữ lấy mắt xích sống còn.","Not exact or fully supported comma/semicolon-separated excerpts; may be paraphrase, expansion, or invention. Requires semantic review."
"quote_not_found","pentacles.json","78","pentacles-02","reversed","core","RSK","-1","tránh vay mượn thêm","Ngừng việc giật gấu vá vai trong tài chính.","Not exact or fully supported comma/semicolon-separated excerpts; may be paraphrase, expansion, or invention. Requires semantic review."
"quote_not_found","pentacles.json","78","pentacles-02","reversed","core","INT","1","nhận ra sự mất cân bằng","Ý thức được giới hạn chịu tải của bản thân.","Not exact or fully supported comma/semicolon-separated excerpts; may be paraphrase, expansion, or invention. Requires semantic review."
"quote_not_found","pentacles.json","78","pentacles-02","reversed","shadow","ACT","-1","rơi bóng, rối loạn","Làm hỏng việc, đổ vỡ các cam kết vì ôm đồm quá sức.","Not exact or fully supported comma/semicolon-separated excerpts; may be paraphrase, expansion, or invention. Requires semantic review."
"quote_not_found","pentacles.json","78","pentacles-02","reversed","shadow","EMO","-2","quá tải, căng thẳng tột độ","Stress nặng nề, hoảng loạn trước núi nợ nần hoặc công việc ngập đầu.","Not exact or fully supported comma/semicolon-separated excerpts; may be paraphrase, expansion, or invention. Requires semantic review."
"quote_not_found","pentacles.json","78","pentacles-02","reversed","shadow","RSK","1","liều mạng xoay xở","Càng xoay càng rối, vay chỗ này đắp chỗ kia tạo vòng xoáy nợ.","Not exact or fully supported comma/semicolon-separated excerpts; may be paraphrase, expansion, or invention. Requires semantic review."
"quote_not_found","pentacles.json","78","pentacles-02","reversed","shadow","INT","-1","mất kiểm soát phương hướng","Đầu óc bấn loạn không còn biết nên bắt đầu từ đâu.","Not exact or fully supported comma/semicolon-separated excerpts; may be paraphrase, expansion, or invention. Requires semantic review."
"metadata_mismatch","pentacles.json","103","pentacles-03","upright","","","","","","cardNameEn"
"quote_not_found","pentacles.json","103","pentacles-03","upright","core","ACT","2","hợp tác, thi công xây dựng","Lao động miệt mài, cùng đồng nghiệp đục đẽo từng viên đá kiệt tác.","Not exact or fully supported comma/semicolon-separated excerpts; may be paraphrase, expansion, or invention. Requires semantic review."
"quote_not_found","pentacles.json","103","pentacles-03","upright","core","EMO","1","tôn trọng lẫn nhau","Không khí làm việc hòa thuận, lắng nghe và ghi nhận tay nghề của nhau.","Not exact or fully supported comma/semicolon-separated excerpts; may be paraphrase, expansion, or invention. Requires semantic review."
"quote_not_found","pentacles.json","103","pentacles-03","upright","core","STR","2","kỹ năng, bản vẽ thiết kế, xây dựng","Chuẩn mực nghề nghiệp cao độ, làm việc theo bản vẽ kiến trúc bài bản.","Not exact or fully supported comma/semicolon-separated excerpts; may be paraphrase, expansion, or invention. Requires semantic review."
"quote_not_found","pentacles.json","103","pentacles-03","upright","core","RSK","0","tiến bước chắc chắn","Đảm bảo chất lượng từng bước, không làm ẩu để chạy tiến độ.","Not exact or fully supported comma/semicolon-separated excerpts; may be paraphrase, expansion, or invention. Requires semantic review."
"quote_not_found","pentacles.json","103","pentacles-03","upright","core","INT","1","tay nghề điêu luyện","Thổi hồn nghệ thuật và sự tinh hoa vào công trình vật chất.","Not exact or fully supported comma/semicolon-separated excerpts; may be paraphrase, expansion, or invention. Requires semantic review."
"quote_not_found","pentacles.json","103","pentacles-03","upright","shadow","STR","1","quá chú trọng tiểu tiết","Có thể cầu toàn tỉ mẩn từng chi tiết nhỏ làm chậm tiến độ chung.","Not exact or fully supported comma/semicolon-separated excerpts; may be paraphrase, expansion, or invention. Requires semantic review."
"metadata_mismatch","pentacles.json","128","pentacles-03","reversed","","","","","","cardNameEn"
"quote_not_found","pentacles.json","128","pentacles-03","reversed","core","ACT","0","cần nhìn lại quy trình","Dừng thi công để kiểm định lại chất lượng vật liệu và tay nghề.","Not exact or fully supported comma/semicolon-separated excerpts; may be paraphrase, expansion, or invention. Requires semantic review."
"quote_not_found","pentacles.json","128","pentacles-03","reversed","core","EMO","1","giải quyết bất đồng nội bộ","Hàn gắn mối quan hệ giữa các thành viên trong nhóm dự án.","Not exact or fully supported comma/semicolon-separated excerpts; may be paraphrase, expansion, or invention. Requires semantic review."
"quote_not_found","pentacles.json","128","pentacles-03","reversed","core","STR","1","chỉnh đốn tiêu chuẩn chất lượng","Đưa ra quy chuẩn nghiệm thu khắt khe hơn để sửa sai.","Not exact or fully supported comma/semicolon-separated excerpts; may be paraphrase, expansion, or invention. Requires semantic review."
"quote_not_found","pentacles.json","128","pentacles-03","reversed","core","INT","1","nhận ra vết nứt công trình","Phát hiện sớm các lỗi kỹ thuật trước khi công trình sập.","Not exact or fully supported comma/semicolon-separated excerpts; may be paraphrase, expansion, or invention. Requires semantic review."
"quote_not_found","pentacles.json","128","pentacles-03","reversed","shadow","ACT","-1","đình công, trễ hạn","Công việc bị đình trệ do các bên không tìm được tiếng nói chung.","Not exact or fully supported comma/semicolon-separated excerpts; may be paraphrase, expansion, or invention. Requires semantic review."
"quote_not_found","pentacles.json","128","pentacles-03","reversed","shadow","EMO","-2","xung đột, bằng mặt không bằng lòng","Cãi cọ, đùn đẩy trách nhiệm, coi thường chuyên môn của nhau.","Not exact or fully supported comma/semicolon-separated excerpts; may be paraphrase, expansion, or invention. Requires semantic review."
"quote_not_found","pentacles.json","128","pentacles-03","reversed","shadow","RSK","-1","nguy cơ sập công trình","Chất lượng tồi tệ đe dọa sự an toàn của cả dự án.","Not exact or fully supported comma/semicolon-separated excerpts; may be paraphrase, expansion, or invention. Requires semantic review."
"quote_not_found","pentacles.json","128","pentacles-03","reversed","shadow","INT","-1","mất lương tâm nghề nghiệp","Thiếu đạo đức nghề nghiệp, làm bừa để kiếm tiền bất chính.","Not exact or fully supported comma/semicolon-separated excerpts; may be paraphrase, expansion, or invention. Requires semantic review."
"metadata_mismatch","pentacles.json","153","pentacles-04","upright","","","","","","cardNameEn"
"quote_not_found","pentacles.json","153","pentacles-04","upright","core","ACT","0","ôm chặt đồng tiền, giữ nguyên vị trí","Hành động phòng thủ, bảo toàn vốn liếng, không vội đầu tư mạo hiểm.","Not exact or fully supported comma/semicolon-separated excerpts; may be paraphrase, expansion, or invention. Requires semantic review."
"quote_not_found","pentacles.json","153","pentacles-04","upright","core","EMO","0","an toàn trong sở hữu","Tìm thấy cảm giác yên tâm khi nắm chắc tài sản trong tay.","Not exact or fully supported comma/semicolon-separated excerpts; may be paraphrase, expansion, or invention. Requires semantic review."
"quote_not_found","pentacles.json","153","pentacles-04","upright","core","STR","2","tiết kiệm, kiểm soát, ranh giới tài chính","Kỷ luật thép trong chi tiêu, quản lý ngân sách chặt chẽ tuyệt đối.","Not exact or fully supported comma/semicolon-separated excerpts; may be paraphrase, expansion, or invention. Requires semantic review."
"quote_not_found","pentacles.json","153","pentacles-04","upright","core","RSK","-2","bảo toàn tuyệt đối","Nói không với mọi rủi ro, phòng thủ co cụm để bảo vệ thành quả.","Not exact or fully supported comma/semicolon-separated excerpts; may be paraphrase, expansion, or invention. Requires semantic review."
"quote_not_found","pentacles.json","153","pentacles-04","upright","shadow","ACT","-1","không dám nhúc nhích","Ôm tiền ngồi im một chỗ, khiến dòng tiền bị đóng băng chết dí.","Not exact or fully supported comma/semicolon-separated excerpts; may be paraphrase, expansion, or invention. Requires semantic review."
"quote_not_found","pentacles.json","153","pentacles-04","upright","shadow","EMO","-2","keo kiệt, sợ mất","Bủn xỉn, keo bẩn với chính mình và người thân vì nỗi sợ nghèo đói.","Not exact or fully supported comma/semicolon-separated excerpts; may be paraphrase, expansion, or invention. Requires semantic review."
"quote_not_found","pentacles.json","153","pentacles-04","upright","shadow","STR","2","cứng nhắc kiểm soát","Kiểm soát độc đoán mọi chi tiêu khiến gia đình ngột ngạt.","Not exact or fully supported comma/semicolon-separated excerpts; may be paraphrase, expansion, or invention. Requires semantic review."
"quote_not_found","pentacles.json","153","pentacles-04","upright","shadow","RSK","-2","sợ mất mát tột độ","Ăn không ngon ngủ không yên vì luôn nơm nớp sợ bị cướp đoạt.","Not exact or fully supported comma/semicolon-separated excerpts; may be paraphrase, expansion, or invention. Requires semantic review."
"quote_not_found","pentacles.json","153","pentacles-04","upright","shadow","INT","-1","lệ thuộc vào vật chất","Đồng hóa giá trị bản thân với số dư tài khoản ngân hàng.","Not exact or fully supported comma/semicolon-separated excerpts; may be paraphrase, expansion, or invention. Requires semantic review."
"metadata_mismatch","pentacles.json","178","pentacles-04","reversed","","","","","","cardNameEn"
"quote_not_found","pentacles.json","178","pentacles-04","reversed","core","ACT","1","mở tay ra, lưu thông dòng tiền","Chủ động mở rộng hầu bao, đầu tư kinh doanh để tiền đẻ ra tiền.","Not exact or fully supported comma/semicolon-separated excerpts; may be paraphrase, expansion, or invention. Requires semantic review."
"quote_not_found","pentacles.json","178","pentacles-04","reversed","core","EMO","1","hào phóng hơn","Học cách chia sẻ, từ thiện và giúp đỡ người khó khăn.","Not exact or fully supported comma/semicolon-separated excerpts; may be paraphrase, expansion, or invention. Requires semantic review."
"quote_not_found","pentacles.json","178","pentacles-04","reversed","core","STR","1","linh hoạt trong chi tiêu","Cởi bỏ sự kẹp chặt để dòng năng lượng tài chính lưu thông.","Not exact or fully supported comma/semicolon-separated excerpts; may be paraphrase, expansion, or invention. Requires semantic review."
"quote_not_found","pentacles.json","178","pentacles-04","reversed","core","RSK","1","dám chấp nhận rủi ro đầu tư","Can đảm mang tiền ra thị trường thay vì cất dưới gầm giường.","Not exact or fully supported comma/semicolon-separated excerpts; may be paraphrase, expansion, or invention. Requires semantic review."
"quote_not_found","pentacles.json","178","pentacles-04","reversed","core","INT","2","thấu hiểu quy luật dòng chảy","Giác ngộ rằng tiền bạc chỉ có giá trị thực sự khi nó được lưu thông phục vụ cuộc sống.","Not exact or fully supported comma/semicolon-separated excerpts; may be paraphrase, expansion, or invention. Requires semantic review."
"quote_not_found","pentacles.json","178","pentacles-04","reversed","shadow","ACT","1","vung tay quá trán","Từ keo kiệt chuyển sang tiêu hoang bạt mạng mất kiểm soát.","Not exact or fully supported comma/semicolon-separated excerpts; may be paraphrase, expansion, or invention. Requires semantic review."
"quote_not_found","pentacles.json","178","pentacles-04","reversed","shadow","EMO","-1","bất an vì mất kiểm soát","Lo sợ hoảng loạn khi thấy tiền tài tuột khỏi tầm tay.","Not exact or fully supported comma/semicolon-separated excerpts; may be paraphrase, expansion, or invention. Requires semantic review."
"quote_not_found","pentacles.json","178","pentacles-04","reversed","shadow","STR","-2","thất thoát tài sản","Vỡ két, thất thoát tiền bạc do đầu tư thiếu phòng hộ.","Not exact or fully supported comma/semicolon-separated excerpts; may be paraphrase, expansion, or invention. Requires semantic review."
"quote_not_found","pentacles.json","178","pentacles-04","reversed","shadow","RSK","1","chi tiêu bốc đồng","Mua sắm vô tội vạ để giải tỏa áp lực tâm lý.","Not exact or fully supported comma/semicolon-separated excerpts; may be paraphrase, expansion, or invention. Requires semantic review."
"quote_not_found","pentacles.json","178","pentacles-04","reversed","shadow","INT","-1","mù mờ giá trị","Không biết quý trọng đồng tiền xương máu đã làm ra.","Not exact or fully supported comma/semicolon-separated excerpts; may be paraphrase, expansion, or invention. Requires semantic review."
"metadata_mismatch","pentacles.json","203","pentacles-05","upright","","","","","","cardNameEn"
"quote_not_found","pentacles.json","203","pentacles-05","upright","core","ACT","-1","lê bước trong tuyết lạnh","Gắng gượng duy trì sự sinh tồn giữa nghịch cảnh thiếu thốn.","Not exact or fully supported comma/semicolon-separated excerpts; may be paraphrase, expansion, or invention. Requires semantic review."
"quote_not_found","pentacles.json","203","pentacles-05","upright","core","EMO","1","đồng cam cộng khổ","Hai người cùng nương tựa vào nhau để vượt qua cơn đói rét.","Not exact or fully supported comma/semicolon-separated excerpts; may be paraphrase, expansion, or invention. Requires semantic review."
"quote_not_found","pentacles.json","203","pentacles-05","upright","core","STR","-1","mất mát tài chính","Khủng hoảng kinh tế, cạn kiệt nguồn thu nhập tạm thời.","Not exact or fully supported comma/semicolon-separated excerpts; may be paraphrase, expansion, or invention. Requires semantic review."
"quote_not_found","pentacles.json","203","pentacles-05","upright","core","RSK","0","chấp nhận gian nan","Đối diện với thực tế nghèo khó mà không trốn chạy.","Not exact or fully supported comma/semicolon-separated excerpts; may be paraphrase, expansion, or invention. Requires semantic review."
"quote_not_found","pentacles.json","203","pentacles-05","upright","core","INT","1","cửa sổ nhà thờ sáng đèn","Bắt đầu nhận ra luôn có ánh sáng ấm áp trợ giúp ở ngay gần bên.","Not exact or fully supported comma/semicolon-separated excerpts; may be paraphrase, expansion, or invention. Requires semantic review."
"quote_not_found","pentacles.json","203","pentacles-05","upright","shadow","ACT","-2","gục ngã vì kiệt sức","Mất sạch sinh lực, tê liệt trong cơn đói lạnh.","Not exact or fully supported comma/semicolon-separated excerpts; may be paraphrase, expansion, or invention. Requires semantic review."
"quote_not_found","pentacles.json","203","pentacles-05","upright","shadow","EMO","-2","bất an, tự ti, tủi thân","Mặc cảm nghèo hèn, cảm giác bị xã hội hắt hủi và bỏ rơi.","Not exact or fully supported comma/semicolon-separated excerpts; may be paraphrase, expansion, or invention. Requires semantic review."
"quote_not_found","pentacles.json","203","pentacles-05","upright","shadow","STR","-2","thiếu thốn cùng cực","Phá sản, nợ nần, mất việc, mất nhà cửa nơi nương tựa.","Not exact or fully supported comma/semicolon-separated excerpts; may be paraphrase, expansion, or invention. Requires semantic review."
"quote_not_found","pentacles.json","203","pentacles-05","upright","shadow","RSK","-2","tuyệt vọng","Mất hết niềm tin vào ngày mai, buông xuôi cho số phận vùi dập.","Not exact or fully supported comma/semicolon-separated excerpts; may be paraphrase, expansion, or invention. Requires semantic review."
"quote_not_found","pentacles.json","203","pentacles-05","upright","shadow","INT","-2","cúi gầm mặt không thấy cửa sổ sáng đèn","Mù quáng trong đau khổ, đi ngang qua nơi cứu tế mà không chịu ngước nhìn gõ cửa.","Not exact or fully supported comma/semicolon-separated excerpts; may be paraphrase, expansion, or invention. Requires semantic review."
"metadata_mismatch","pentacles.json","228","pentacles-05","reversed","","","","","","cardNameEn"
"quote_not_found","pentacles.json","228","pentacles-05","reversed","core","ACT","2","bước vào cửa ấm, hồi phục","Chủ động gõ cửa nhà thờ, bước vào trong sưởi ấm và đón nhận sự trợ giúp.","Not exact or fully supported comma/semicolon-separated excerpts; may be paraphrase, expansion, or invention. Requires semantic review."
"quote_not_found","pentacles.json","228","pentacles-05","reversed","core","EMO","2","nhận giúp đỡ, ấm áp trở lại","Cảm nhận tình người ấm áp, rũ bỏ sự tủi hờn và mặc cảm nghèo khó.","Not exact or fully supported comma/semicolon-separated excerpts; may be paraphrase, expansion, or invention. Requires semantic review."
"quote_not_found","pentacles.json","228","pentacles-05","reversed","core","STR","1","cải thiện tài chính","Dòng tiền dần hồi phục, tìm được công ăn việc làm mới để ổn định.","Not exact or fully supported comma/semicolon-separated excerpts; may be paraphrase, expansion, or invention. Requires semantic review."
"quote_not_found","pentacles.json","228","pentacles-05","reversed","core","RSK","1","dũng cảm đón nhận ân huệ","Hạ cái tôi xuống để đón nhận bàn tay nâng đỡ của cộng đồng.","Not exact or fully supported comma/semicolon-separated excerpts; may be paraphrase, expansion, or invention. Requires semantic review."
"quote_not_found","pentacles.json","228","pentacles-05","reversed","core","INT","2","thức tỉnh sau cơn bĩ cực","Hiểu rõ giá trị của tình thân và sự tương trợ lúc hoạn nạn.","Not exact or fully supported comma/semicolon-separated excerpts; may be paraphrase, expansion, or invention. Requires semantic review."
"quote_not_found","pentacles.json","228","pentacles-05","reversed","shadow","EMO","-1","vết thương nghèo khó còn ám ảnh","Vẫn còn sợ hãi cảnh thiếu thốn bần hàn trong quá khứ.","Not exact or fully supported comma/semicolon-separated excerpts; may be paraphrase, expansion, or invention. Requires semantic review."
"metadata_mismatch","pentacles.json","253","pentacles-06","upright","","","","","","cardNameEn"
"quote_not_found","pentacles.json","253","pentacles-06","upright","core","ACT","1","ban phát tiền từ thiện","Hành động san sẻ tài nguyên, giúp đỡ người yếu thế hơn mình.","Not exact or fully supported comma/semicolon-separated excerpts; may be paraphrase, expansion, or invention. Requires semantic review."
"quote_not_found","pentacles.json","253","pentacles-06","upright","core","EMO","2","hào phóng, trắc ẩn","Lòng nhân ái bao la, niềm vui khi đem lại miếng cơm manh áo cho tha nhân.","Not exact or fully supported comma/semicolon-separated excerpts; may be paraphrase, expansion, or invention. Requires semantic review."
"quote_not_found","pentacles.json","253","pentacles-06","upright","core","STR","2","cán cân công bằng, cân đo chuẩn mực","Phân bổ nguồn lực chuẩn xác, cho đúng người đúng việc một cách công minh.","Not exact or fully supported comma/semicolon-separated excerpts; may be paraphrase, expansion, or invention. Requires semantic review."
"quote_not_found","pentacles.json","253","pentacles-06","upright","core","RSK","0","chia sẻ trong khả năng","Cho đi có tính toán và cân đối ngân sách bền vững.","Not exact or fully supported comma/semicolon-separated excerpts; may be paraphrase, expansion, or invention. Requires semantic review."
"quote_not_found","pentacles.json","253","pentacles-06","upright","core","INT","2","quy luật cho nhận của vũ trụ","Thấu hiểu rằng cho đi là nhận lại, tạo phước đức lâu bền.","Not exact or fully supported comma/semicolon-separated excerpts; may be paraphrase, expansion, or invention. Requires semantic review."
"quote_not_found","pentacles.json","253","pentacles-06","upright","shadow","EMO","1","thích làm ơn","Có thể thích cảm giác được người khác mang ơn.","Not exact or fully supported comma/semicolon-separated excerpts; may be paraphrase, expansion, or invention. Requires semantic review."
"quote_not_found","pentacles.json","253","pentacles-06","upright","shadow","STR","1","vị thế bề trên","Vô tình tạo ra khoảng cách bất bình đẳng giữa người cho và người nhận.","Not exact or fully supported comma/semicolon-separated excerpts; may be paraphrase, expansion, or invention. Requires semantic review."
"metadata_mismatch","pentacles.json","278","pentacles-06","reversed","","","","","","cardNameEn"
"quote_not_found","pentacles.json","278","pentacles-06","reversed","core","ACT","0","cần nhìn lại các ràng buộc","Dừng lại việc nhận tiền khi đối phương kèm theo các yêu sách vô lý.","Not exact or fully supported comma/semicolon-separated excerpts; may be paraphrase, expansion, or invention. Requires semantic review."
"quote_not_found","pentacles.json","278","pentacles-06","reversed","core","EMO","1","bảo vệ phẩm giá","Thà sống thanh bần còn hơn quỳ gối xin xỏ lòng thương hại giả tạo.","Not exact or fully supported comma/semicolon-separated excerpts; may be paraphrase, expansion, or invention. Requires semantic review."
"quote_not_found","pentacles.json","278","pentacles-06","reversed","core","STR","1","sòng phẳng nợ nần","Lập kế hoạch trả hết các khoản nợ ơn nghĩa để lấy lại tự do.","Not exact or fully supported comma/semicolon-separated excerpts; may be paraphrase, expansion, or invention. Requires semantic review."
"quote_not_found","pentacles.json","278","pentacles-06","reversed","core","RSK","1","dám từ chối của bố thí","Can trường từ chối những đồng tiền kèm bẫy độc hại.","Not exact or fully supported comma/semicolon-separated excerpts; may be paraphrase, expansion, or invention. Requires semantic review."
"quote_not_found","pentacles.json","278","pentacles-06","reversed","core","INT","1","nhìn thấu mưu đồ cho nhận","Nhận ra bản chất của những kẻ dùng tiền để mua chuộc và nô dịch người khác.","Not exact or fully supported comma/semicolon-separated excerpts; may be paraphrase, expansion, or invention. Requires semantic review."
"quote_not_found","pentacles.json","278","pentacles-06","reversed","shadow","ACT","-1","mất quyền tự chủ","Bị trói buộc chân tay, phải phục tùng mệnh lệnh của chủ nợ.","Not exact or fully supported comma/semicolon-separated excerpts; may be paraphrase, expansion, or invention. Requires semantic review."
"quote_not_found","pentacles.json","278","pentacles-06","reversed","shadow","EMO","-2","nhục nhã, ấm ức","Bị sỉ nhục, cảm giác rẻ rúng khi phải van xin sự giúp đỡ kèm điều kiện.","Not exact or fully supported comma/semicolon-separated excerpts; may be paraphrase, expansion, or invention. Requires semantic review."
"quote_not_found","pentacles.json","278","pentacles-06","reversed","shadow","STR","-2","nợ nần, mất quyền, bất công","Vòng xoáy nợ nần, lừa đảo tài chính hoặc dùng từ thiện để trốn thuế/rửa tiền.","Not exact or fully supported comma/semicolon-separated excerpts; may be paraphrase, expansion, or invention. Requires semantic review."
"quote_not_found","pentacles.json","278","pentacles-06","reversed","shadow","RSK","-1","mắc kẹt trong bẫy nợ","Không thể thoát ra khỏi sự khống chế của kẻ cho vay nặng lãi.","Not exact or fully supported comma/semicolon-separated excerpts; may be paraphrase, expansion, or invention. Requires semantic review."
"quote_not_found","pentacles.json","278","pentacles-06","reversed","shadow","INT","-1","mù quáng nhận quà độc","Ăn phải bả từ thiện giả dối mà không hay biết hậu quả.","Not exact or fully supported comma/semicolon-separated excerpts; may be paraphrase, expansion, or invention. Requires semantic review."
"metadata_mismatch","pentacles.json","303","pentacles-07","upright","","","","","","cardNameEn"
"quote_not_found","pentacles.json","303","pentacles-07","upright","core","ACT","0","chống cuốc đứng nhìn vườn cây","Tạm dừng tay cuốc để quan sát tiến trình quả chín, không can thiệp thô bạo.","Not exact or fully supported comma/semicolon-separated excerpts; may be paraphrase, expansion, or invention. Requires semantic review."
"quote_not_found","pentacles.json","303","pentacles-07","upright","core","EMO","1","kiên nhẫn, an tâm","Bình tâm chờ đợi hạt giống nảy mầm theo đúng mùa vụ tự nhiên.","Not exact or fully supported comma/semicolon-separated excerpts; may be paraphrase, expansion, or invention. Requires semantic review."
"quote_not_found","pentacles.json","303","pentacles-07","upright","core","RSK","0","đầu tư an toàn","Đổ mồ hôi công sức vào mảnh đất thật, tránh xa các trò lừa làm giàu nhanh.","Not exact or fully supported comma/semicolon-separated excerpts; may be paraphrase, expansion, or invention. Requires semantic review."
"quote_not_found","pentacles.json","303","pentacles-07","upright","core","INT","1","nhận thức chu kỳ tự nhiên","Hiểu rõ quy luật thời gian: muốn cây to bóng mát phải kiên trì chăm bón nhiều năm.","Not exact or fully supported comma/semicolon-separated excerpts; may be paraphrase, expansion, or invention. Requires semantic review."
"quote_not_found","pentacles.json","303","pentacles-07","upright","shadow","EMO","0","hơi sốt ruột","Đôi khi thấy sốt ruột khi chờ đợi thành quả quá lâu.","Not exact or fully supported comma/semicolon-separated excerpts; may be paraphrase, expansion, or invention. Requires semantic review."
"quote_not_found","pentacles.json","303","pentacles-07","upright","shadow","STR","1","quá tính toán","Cân nhắc quá nhiều về tỷ suất lợi nhuận (ROI).","Not exact or fully supported comma/semicolon-separated excerpts; may be paraphrase, expansion, or invention. Requires semantic review."
"quote_not_found","pentacles.json","303","pentacles-07","upright","shadow","RSK","-1","sợ mất mùa","Lo lắng mơ hồ về sâu bệnh hoặc thời tiết bất lợi.","Not exact or fully supported comma/semicolon-separated excerpts; may be paraphrase, expansion, or invention. Requires semantic review."
"metadata_mismatch","pentacles.json","328","pentacles-07","reversed","","","","","","cardNameEn"
"quote_not_found","pentacles.json","328","pentacles-07","reversed","core","ACT","1","thay đổi phương pháp canh tác","Dẹp bỏ luống cây còi cọc để gieo giống mới có năng suất cao hơn.","Not exact or fully supported comma/semicolon-separated excerpts; may be paraphrase, expansion, or invention. Requires semantic review."
"quote_not_found","pentacles.json","328","pentacles-07","reversed","core","EMO","1","chấp nhận cắt lỗ","Học cách cắt lỗ kịp thời mà không dằn vặt tiếc nuối công sức cũ.","Not exact or fully supported comma/semicolon-separated excerpts; may be paraphrase, expansion, or invention. Requires semantic review."
"quote_not_found","pentacles.json","328","pentacles-07","reversed","core","STR","1","tái cơ cấu danh mục đầu tư","Chuyển hướng nguồn lực sang những dự án có tiềm năng thực chất hơn.","Not exact or fully supported comma/semicolon-separated excerpts; may be paraphrase, expansion, or invention. Requires semantic review."
"quote_not_found","pentacles.json","328","pentacles-07","reversed","core","RSK","1","dũng cảm buông bỏ dự án hỏng","Không ngoan cố tưới nước cho cây đã chết.","Not exact or fully supported comma/semicolon-separated excerpts; may be paraphrase, expansion, or invention. Requires semantic review."
"quote_not_found","pentacles.json","328","pentacles-07","reversed","core","INT","2","nhìn ra sự lãng phí vô ích","Thấu suốt sai lầm chiến lược để rút kinh nghiệm sâu sắc cho mùa sau.","Not exact or fully supported comma/semicolon-separated excerpts; may be paraphrase, expansion, or invention. Requires semantic review."
"quote_not_found","pentacles.json","328","pentacles-07","reversed","shadow","ACT","1","nóng vội hái quả xanh","Hấp tấp ép cây ra trái sớm khiến quả bị chua chát và chết cây.","Not exact or fully supported comma/semicolon-separated excerpts; may be paraphrase, expansion, or invention. Requires semantic review."
"quote_not_found","pentacles.json","328","pentacles-07","reversed","shadow","EMO","-2","nản lòng, bực bội","Cay đắng vì đổ bao công sức nhưng thu lại toàn hạt lép.","Not exact or fully supported comma/semicolon-separated excerpts; may be paraphrase, expansion, or invention. Requires semantic review."
"fragmented_quote","pentacles.json","328","pentacles-07","reversed","shadow","STR","-2","lãng phí, ít kết quả","Lãng phí thời gian, tiền bạc vào mảnh đất cằn cỗi không có tương lai.","Every comma/semicolon-separated fragment occurs in source; whole quote is not contiguous."
"quote_not_found","pentacles.json","328","pentacles-07","reversed","shadow","RSK","-1","mất kiên nhẫn","Đốt cháy giai đoạn dẫn tới hỏng bét toàn bộ quy trình.","Not exact or fully supported comma/semicolon-separated excerpts; may be paraphrase, expansion, or invention. Requires semantic review."
"quote_not_found","pentacles.json","328","pentacles-07","reversed","shadow","INT","-1","mù quáng đầu tư","Tiếc của nên tiếp tục ném thêm tiền vào dự án thua lỗ (bẫy chi phí chìm).","Not exact or fully supported comma/semicolon-separated excerpts; may be paraphrase, expansion, or invention. Requires semantic review."
"metadata_mismatch","pentacles.json","353","pentacles-08","upright","","","","","","cardNameEn"
"quote_not_found","pentacles.json","353","pentacles-08","upright","core","ACT","2","chăm chỉ đục đẽo từng đồng tiền","Lao động tập trung cao độ, kiên trì trau chuốt từng chi tiết sản phẩm.","Not exact or fully supported comma/semicolon-separated excerpts; may be paraphrase, expansion, or invention. Requires semantic review."
"quote_not_found","pentacles.json","353","pentacles-08","upright","core","EMO","1","tự hào về tay nghề","Tìm thấy niềm vui thuần khiết trong việc sáng tạo sản phẩm tinh xảo.","Not exact or fully supported comma/semicolon-separated excerpts; may be paraphrase, expansion, or invention. Requires semantic review."
"quote_not_found","pentacles.json","353","pentacles-08","upright","core","STR","2","rèn nghề, kỷ luật tác phong","Tinh thần nghệ nhân (craftsmanship), làm đi làm lại cho tới khi đạt mức hoàn hảo.","Not exact or fully supported comma/semicolon-separated excerpts; may be paraphrase, expansion, or invention. Requires semantic review."
"quote_not_found","pentacles.json","353","pentacles-08","upright","core","RSK","0","bước đi vững chắc","Nâng cao năng lực cạnh tranh cốt lõi bằng chính kỹ năng thực chất của mình.","Not exact or fully supported comma/semicolon-separated excerpts; may be paraphrase, expansion, or invention. Requires semantic review."
"quote_not_found","pentacles.json","353","pentacles-08","upright","core","INT","1","tập trung chánh niệm","Đạt trạng thái dòng chảy (flow state) tuyệt đỉnh trong công việc.","Not exact or fully supported comma/semicolon-separated excerpts; may be paraphrase, expansion, or invention. Requires semantic review."
"quote_not_found","pentacles.json","353","pentacles-08","upright","shadow","EMO","-1","cô lập tại xưởng","Mải mê cặm cụi một mình mà quên mất các mối quan hệ xã hội.","Not exact or fully supported comma/semicolon-separated excerpts; may be paraphrase, expansion, or invention. Requires semantic review."
"quote_not_found","pentacles.json","353","pentacles-08","upright","shadow","STR","1","quá cầu toàn","Khó tính với từng chi tiết nhỏ khiến tiến độ bị kéo dài.","Not exact or fully supported comma/semicolon-separated excerpts; may be paraphrase, expansion, or invention. Requires semantic review."
"quote_not_found","pentacles.json","353","pentacles-08","upright","shadow","RSK","-1","ngại bước ra ngoài xưởng","Chỉ quen làm việc kỹ thuật, ngại giao tiếp kinh doanh.","Not exact or fully supported comma/semicolon-separated excerpts; may be paraphrase, expansion, or invention. Requires semantic review."
"metadata_mismatch","pentacles.json","378","pentacles-08","reversed","","","","","","cardNameEn"
"quote_not_found","pentacles.json","378","pentacles-08","reversed","core","ACT","0","cần nhìn lại thói quen làm việc","Tạm dừng dây chuyền để tìm lại cảm hứng và niềm đam mê nghề nghiệp.","Not exact or fully supported comma/semicolon-separated excerpts; may be paraphrase, expansion, or invention. Requires semantic review."
"quote_not_found","pentacles.json","378","pentacles-08","reversed","core","EMO","1","tìm lại ngọn lửa nghề","Hiểu rằng làm việc không chỉ để kiếm cơm mà còn là thể hiện bản thân.","Not exact or fully supported comma/semicolon-separated excerpts; may be paraphrase, expansion, or invention. Requires semantic review."
"quote_not_found","pentacles.json","378","pentacles-08","reversed","core","STR","1","nâng cấp tay nghề","Đi học thêm kỹ năng mới thay vì dậm chân tại chỗ với cách làm cũ.","Not exact or fully supported comma/semicolon-separated excerpts; may be paraphrase, expansion, or invention. Requires semantic review."
"quote_not_found","pentacles.json","378","pentacles-08","reversed","core","INT","1","nhận ra sự lặp lại vô thức","Thức tỉnh khỏi cơn mộng du của người thợ máy vô hồn.","Not exact or fully supported comma/semicolon-separated excerpts; may be paraphrase, expansion, or invention. Requires semantic review."
"quote_not_found","pentacles.json","378","pentacles-08","reversed","shadow","EMO","-1","chán ghét công việc","Mất sạch tình yêu với nghề, biến xưởng làm việc thành ngục tù.","Not exact or fully supported comma/semicolon-separated excerpts; may be paraphrase, expansion, or invention. Requires semantic review."
"fragmented_quote","pentacles.json","378","pentacles-08","reversed","shadow","STR","-2","cẩu thả, lặp lại vô thức","Làm ăn dối trá, sản phẩm lỗi hỏng hàng loạt, đánh mất uy tín thợ.","Every comma/semicolon-separated fragment occurs in source; whole quote is not contiguous."
"quote_not_found","pentacles.json","378","pentacles-08","reversed","shadow","RSK","1","đi đường tắt bất cẩn","Cắt bớt công đoạn kỹ thuật để làm cho nhanh gây nguy hiểm.","Not exact or fully supported comma/semicolon-separated excerpts; may be paraphrase, expansion, or invention. Requires semantic review."
"quote_not_found","pentacles.json","378","pentacles-08","reversed","shadow","INT","-2","máy móc hóa tâm hồn","Đánh mất tính sáng tạo, biến mình thành con ốc vít vô tri.","Not exact or fully supported comma/semicolon-separated excerpts; may be paraphrase, expansion, or invention. Requires semantic review."
"metadata_mismatch","pentacles.json","403","pentacles-09","upright","","","","","","cardNameEn"
"quote_not_found","pentacles.json","403","pentacles-09","upright","core","ACT","1","dạo chơi trong khu vườn riêng","Tận hưởng cuộc sống thanh tao bằng chính đôi bàn tay và khối óc của mình.","Not exact or fully supported comma/semicolon-separated excerpts; may be paraphrase, expansion, or invention. Requires semantic review."
"quote_not_found","pentacles.json","403","pentacles-09","upright","core","EMO","2","mãn nguyện, tự chủ","Bình yên, tự tại, kiêu hãnh và thanh lịch trong sự độc lập trọn vẹn.","Not exact or fully supported comma/semicolon-separated excerpts; may be paraphrase, expansion, or invention. Requires semantic review."
"quote_not_found","pentacles.json","403","pentacles-09","upright","core","STR","2","khu vườn trù phú, thành quả","Cấu trúc tài chính bền vững, quản trị tài sản cá nhân xuất sắc.","Not exact or fully supported comma/semicolon-separated excerpts; may be paraphrase, expansion, or invention. Requires semantic review."
"quote_not_found","pentacles.json","403","pentacles-09","upright","core","RSK","0","an toàn tuyệt đối trong vườn nho","Đạt tới ngưỡng tự do tài chính, không còn phụ thuộc vào bất kỳ ai.","Not exact or fully supported comma/semicolon-separated excerpts; may be paraphrase, expansion, or invention. Requires semantic review."
"quote_not_found","pentacles.json","403","pentacles-09","upright","core","INT","2","chim ưng thuần hóa trên tay","Làm chủ hoàn toàn bản năng hoang dã, hòa hợp cao độ với thiên nhiên.","Not exact or fully supported comma/semicolon-separated excerpts; may be paraphrase, expansion, or invention. Requires semantic review."
"quote_not_found","pentacles.json","403","pentacles-09","upright","shadow","EMO","-1","cô độc trên nhung lụa","Có thể hơi cô đơn vì tường rào khu vườn quá cao khó ai bước vào.","Not exact or fully supported comma/semicolon-separated excerpts; may be paraphrase, expansion, or invention. Requires semantic review."
"quote_not_found","pentacles.json","403","pentacles-09","upright","shadow","STR","1","tiêu chuẩn cao","Khó tính trong việc chọn bạn đời hoặc đối tác tương xứng.","Not exact or fully supported comma/semicolon-separated excerpts; may be paraphrase, expansion, or invention. Requires semantic review."
"metadata_mismatch","pentacles.json","428","pentacles-09","reversed","","","","","","cardNameEn"
"quote_not_found","pentacles.json","428","pentacles-09","reversed","core","ACT","0","cần nhìn lại lối sống","Hạ bớt các chi phí xa xỉ bề nổi để bảo toàn vốn thực chất.","Not exact or fully supported comma/semicolon-separated excerpts; may be paraphrase, expansion, or invention. Requires semantic review."
"quote_not_found","pentacles.json","428","pentacles-09","reversed","core","EMO","1","mở cổng vườn kết nối","Học cách giao lưu chân thành, rũ bỏ vẻ ngoài sang chảnh giả tạo.","Not exact or fully supported comma/semicolon-separated excerpts; may be paraphrase, expansion, or invention. Requires semantic review."
"quote_not_found","pentacles.json","428","pentacles-09","reversed","core","STR","1","chỉnh đốn lại chi tiêu","Lên lại kế hoạch tài chính sát sườn với thu nhập thực tế.","Not exact or fully supported comma/semicolon-separated excerpts; may be paraphrase, expansion, or invention. Requires semantic review."
"quote_not_found","pentacles.json","428","pentacles-09","reversed","core","INT","1","nhận ra sự phù phiếm","Hiểu rằng giá trị con người không nằm ở thương hiệu túi xách.","Not exact or fully supported comma/semicolon-separated excerpts; may be paraphrase, expansion, or invention. Requires semantic review."
"quote_not_found","pentacles.json","428","pentacles-09","reversed","shadow","ACT","1","tiêu tiền phô trương","Cố gồng mình sống ảo trên mạng xã hội để che đậy nợ nần.","Not exact or fully supported comma/semicolon-separated excerpts; may be paraphrase, expansion, or invention. Requires semantic review."
"quote_not_found","pentacles.json","428","pentacles-09","reversed","shadow","EMO","-2","cô lập, trống rỗng","Cô đơn cùng cực sau bức màn nhung lụa giả tạo.","Not exact or fully supported comma/semicolon-separated excerpts; may be paraphrase, expansion, or invention. Requires semantic review."
"quote_not_found","pentacles.json","428","pentacles-09","reversed","shadow","STR","-2","bất ổn tài chính, nợ nần","Thủng túi vì thói xài sang quá trớn, nguy cơ vỡ nợ rình rập.","Not exact or fully supported comma/semicolon-separated excerpts; may be paraphrase, expansion, or invention. Requires semantic review."
"quote_not_found","pentacles.json","428","pentacles-09","reversed","shadow","RSK","1","đánh cược hình ảnh","Dám vay mượn khắp nơi chỉ để duy trì vỏ bọc giàu sang.","Not exact or fully supported comma/semicolon-separated excerpts; may be paraphrase, expansion, or invention. Requires semantic review."
"metadata_mismatch","pentacles.json","453","pentacles-10","upright","","","","","","cardNameEn"
"quote_not_found","pentacles.json","453","pentacles-10","upright","core","ACT","1","xây dựng cơ đồ cho con cháu","Hành động có tầm nhìn thế hệ, tích lũy nền móng cho con cháu mai sau.","Not exact or fully supported comma/semicolon-separated excerpts; may be paraphrase, expansion, or invention. Requires semantic review."
"quote_not_found","pentacles.json","453","pentacles-10","upright","core","EMO","2","gia đình êm ấm, đoàn viên","Ba thế hệ quây quần hòa thuận dưới mái nhà tổ tiên ấm cúng.","Not exact or fully supported comma/semicolon-separated excerpts; may be paraphrase, expansion, or invention. Requires semantic review."
"fragmented_quote","pentacles.json","453","pentacles-10","upright","core","STR","2","di sản, ổn định lâu dài","Đỉnh cao của sự vững chãi, đế chế gia tộc hưng thịnh lưu truyền ngàn đời.","Every comma/semicolon-separated fragment occurs in source; whole quote is not contiguous."
"quote_not_found","pentacles.json","453","pentacles-10","upright","core","RSK","0","an cư muôn đời","Sự an toàn tài chính tuyệt đối, không sóng gió nào làm lung lay nổi.","Not exact or fully supported comma/semicolon-separated excerpts; may be paraphrase, expansion, or invention. Requires semantic review."
"quote_not_found","pentacles.json","453","pentacles-10","upright","core","INT","2","cây gia phả sự sống (Tree of Life)","Kết nối sâu sắc với cội nguồn tổ tiên và đạo lý uống nước nhớ nguồn.","Not exact or fully supported comma/semicolon-separated excerpts; may be paraphrase, expansion, or invention. Requires semantic review."
"quote_not_found","pentacles.json","453","pentacles-10","upright","shadow","STR","1","gia phong nghiêm ngặt","Có thể gia phong quá khắt khe gò bó sự tự do của thế hệ trẻ.","Not exact or fully supported comma/semicolon-separated excerpts; may be paraphrase, expansion, or invention. Requires semantic review."
"quote_not_found","pentacles.json","453","pentacles-10","upright","shadow","RSK","-1","bảo thủ gia tộc","Ngại thay đổi vì sợ làm mất đi nếp nhà xưa cũ.","Not exact or fully supported comma/semicolon-separated excerpts; may be paraphrase, expansion, or invention. Requires semantic review."
"metadata_mismatch","pentacles.json","478","pentacles-10","reversed","","","","","","cardNameEn"
"quote_not_found","pentacles.json","478","pentacles-10","reversed","core","ACT","1","hòa giải tranh chấp gia sản","Chủ động ngồi lại bàn bạc minh bạch về việc phân chia tài sản thừa kế.","Not exact or fully supported comma/semicolon-separated excerpts; may be paraphrase, expansion, or invention. Requires semantic review."
"quote_not_found","pentacles.json","478","pentacles-10","reversed","core","EMO","1","hàn gắn tình máu mủ","Đặt tình thân gia đình lên trên những tranh giành vật chất phù phiếm.","Not exact or fully supported comma/semicolon-separated excerpts; may be paraphrase, expansion, or invention. Requires semantic review."
"quote_not_found","pentacles.json","478","pentacles-10","reversed","core","STR","1","tái lập gia phong","Sửa đổi lại các quy ước gia đình cho phù hợp với thời đại mới.","Not exact or fully supported comma/semicolon-separated excerpts; may be paraphrase, expansion, or invention. Requires semantic review."
"quote_not_found","pentacles.json","478","pentacles-10","reversed","core","INT","1","thấy rõ bi kịch vì tiền","Thấu hiểu rằng tiền tài không mua nổi hạnh phúc gia đình.","Not exact or fully supported comma/semicolon-separated excerpts; may be paraphrase, expansion, or invention. Requires semantic review."
"quote_not_found","pentacles.json","478","pentacles-10","reversed","shadow","ACT","-1","kiện cáo tranh giành","Lôi nhau ra tòa vì tranh giành từng mảnh đất, tấc vàng của cha ông.","Not exact or fully supported comma/semicolon-separated excerpts; may be paraphrase, expansion, or invention. Requires semantic review."
"quote_not_found","pentacles.json","478","pentacles-10","reversed","shadow","EMO","-2","xung đột gia đình, bất hòa sâu sắc","Máu mủ tương tàn, anh em mặt lạnh như tiền, con cái bất hiếu.","Not exact or fully supported comma/semicolon-separated excerpts; may be paraphrase, expansion, or invention. Requires semantic review."
"quote_not_found","pentacles.json","478","pentacles-10","reversed","shadow","STR","-2","bất ổn, gia tộc suy vi","Cơ đồ gia tộc sụp đổ, tan đàn xẻ nghé vì tranh chấp nội bộ.","Not exact or fully supported comma/semicolon-separated excerpts; may be paraphrase, expansion, or invention. Requires semantic review."
"quote_not_found","pentacles.json","478","pentacles-10","reversed","shadow","RSK","-1","nguy cơ mất trắng di sản","Phá tán gia tài do cờ bạc, làm ăn bất chính hoặc kiện tụng kéo dài.","Not exact or fully supported comma/semicolon-separated excerpts; may be paraphrase, expansion, or invention. Requires semantic review."
"quote_not_found","pentacles.json","478","pentacles-10","reversed","shadow","INT","-2","mất gốc rễ tổ tiên","Quên ơn sinh thành, chà đạp lên di huấn của tiền nhân vì lòng tham.","Not exact or fully supported comma/semicolon-separated excerpts; may be paraphrase, expansion, or invention. Requires semantic review."
"quote_not_found","pentacles.json","503","pentacles-11","upright","core","ACT","1","học nghề, bắt tay thực hành","Chăm chỉ dùi mài kinh sử, rèn luyện kỹ năng thực tế từng bước.","Not exact or fully supported comma/semicolon-separated excerpts; may be paraphrase, expansion, or invention. Requires semantic review."
"quote_not_found","pentacles.json","503","pentacles-11","upright","core","EMO","1","yêu thích học hỏi","Tâm thế khiêm tốn, biết ơn người thầy hướng dẫn tận tình.","Not exact or fully supported comma/semicolon-separated excerpts; may be paraphrase, expansion, or invention. Requires semantic review."
"quote_not_found","pentacles.json","503","pentacles-11","upright","core","STR","2","kỷ luật học tập, cơ hội thực tế","Học hành bài bản, chú trọng tính ứng dụng thực tiễn của kiến thức.","Not exact or fully supported comma/semicolon-separated excerpts; may be paraphrase, expansion, or invention. Requires semantic review."
"quote_not_found","pentacles.json","503","pentacles-11","upright","core","RSK","0","chậm mà chắc","Xây nền móng tri thức kiên cố trước khi ra đời lập nghiệp.","Not exact or fully supported comma/semicolon-separated excerpts; may be paraphrase, expansion, or invention. Requires semantic review."
"quote_not_found","pentacles.json","503","pentacles-11","upright","core","INT","1","nâng niu đồng tiền trên tay","Trực giác nhạy bén phát hiện ra cơ hội phát triển sự nghiệp lâu dài.","Not exact or fully supported comma/semicolon-separated excerpts; may be paraphrase, expansion, or invention. Requires semantic review."
"quote_not_found","pentacles.json","503","pentacles-11","upright","shadow","STR","1","hơi mọt sách","Có thể quá chú tâm vào sách vở lý thuyết mà thiếu va chạm thực tế.","Not exact or fully supported comma/semicolon-separated excerpts; may be paraphrase, expansion, or invention. Requires semantic review."
"quote_not_found","pentacles.json","503","pentacles-11","upright","shadow","RSK","-1","ngại thử thách lớn","Thích ở trong môi trường học thuật được bảo bọc.","Not exact or fully supported comma/semicolon-separated excerpts; may be paraphrase, expansion, or invention. Requires semantic review."
"quote_not_found","pentacles.json","528","pentacles-11","reversed","core","ACT","0","cần nhìn lại thói lười biếng","Dừng lại việc trì hoãn bài vở, lập lại thời gian biểu học tập.","Not exact or fully supported comma/semicolon-separated excerpts; may be paraphrase, expansion, or invention. Requires semantic review."
"quote_not_found","pentacles.json","528","pentacles-11","reversed","core","STR","1","rèn luyện tính kỷ luật học đường","Cần người giám sát để đưa việc học vào khuôn phép.","Not exact or fully supported comma/semicolon-separated excerpts; may be paraphrase, expansion, or invention. Requires semantic review."
"quote_not_found","pentacles.json","528","pentacles-11","reversed","core","INT","1","nhận ra nguyên nhân chán học","Tìm hiểu xem mình thực sự say mê ngành nghề nào để chuyển hướng.","Not exact or fully supported comma/semicolon-separated excerpts; may be paraphrase, expansion, or invention. Requires semantic review."
"quote_not_found","pentacles.json","528","pentacles-11","reversed","shadow","ACT","-2","lười biếng, trốn học","Nằm ườn, lười nhác, buông xuôi việc học hành rèn luyện.","Not exact or fully supported comma/semicolon-separated excerpts; may be paraphrase, expansion, or invention. Requires semantic review."
"quote_not_found","pentacles.json","528","pentacles-11","reversed","shadow","EMO","-1","bất cần đời","Thái độ bất cần, thiếu trách nhiệm với tương lai bản thân.","Not exact or fully supported comma/semicolon-separated excerpts; may be paraphrase, expansion, or invention. Requires semantic review."
"quote_not_found","pentacles.json","528","pentacles-11","reversed","shadow","STR","-2","thiếu cam kết, bỏ học giữa chừng","Bỏ học, phá vỡ mọi cam kết đào tạo, đầu voi đuôi chuột.","Not exact or fully supported comma/semicolon-separated excerpts; may be paraphrase, expansion, or invention. Requires semantic review."
"quote_not_found","pentacles.json","528","pentacles-11","reversed","shadow","INT","-1","thiếu định hướng nghề nghiệp","Mù mờ về tương lai, sống lông bông qua ngày không nghề ngỗng.","Not exact or fully supported comma/semicolon-separated excerpts; may be paraphrase, expansion, or invention. Requires semantic review."
"quote_not_found","pentacles.json","553","pentacles-12","upright","core","ACT","1","tiến chậm từng bước chắc chắn","Cưỡi ngựa cày bước đi vững chãi qua cánh đồng, làm việc không mệt mỏi.","Not exact or fully supported comma/semicolon-separated excerpts; may be paraphrase, expansion, or invention. Requires semantic review."
"quote_not_found","pentacles.json","553","pentacles-12","upright","core","EMO","1","trung thành, tận tụy","Đáng tin cậy tuyệt đối, người bạn đời/đồng nghiệp trung kiên trước sau như một.","Not exact or fully supported comma/semicolon-separated excerpts; may be paraphrase, expansion, or invention. Requires semantic review."
"quote_not_found","pentacles.json","553","pentacles-12","upright","core","STR","2","trách nhiệm, bền bỉ, kỷ luật phi thường","Người cày cuốc kiên trì nhất, cam kết làm đến nơi đến chốn mọi nhiệm vụ.","Not exact or fully supported comma/semicolon-separated excerpts; may be paraphrase, expansion, or invention. Requires semantic review."
"quote_not_found","pentacles.json","553","pentacles-12","upright","core","RSK","-1","tránh mọi rủi ro không cần thiết","Thận trọng tối đa, chỉ đi trên con đường đã được khảo sát kỹ lưỡng.","Not exact or fully supported comma/semicolon-separated excerpts; may be paraphrase, expansion, or invention. Requires semantic review."
"quote_not_found","pentacles.json","553","pentacles-12","upright","core","INT","1","thấu hiểu đất đai","Trực giác gắn liền với thực tế cuộc sống và giá trị của lao động chân chính.","Not exact or fully supported comma/semicolon-separated excerpts; may be paraphrase, expansion, or invention. Requires semantic review."
"quote_not_found","pentacles.json","553","pentacles-12","upright","shadow","ACT","0","tiến quá chậm","Có thể chậm chạp, bảo thủ bỏ lỡ các cơ hội tốc độ cao.","Not exact or fully supported comma/semicolon-separated excerpts; may be paraphrase, expansion, or invention. Requires semantic review."
"quote_not_found","pentacles.json","553","pentacles-12","upright","shadow","EMO","0","khô khan","Ít lãng mạn, chỉ biết cắm đầu làm lụng mà thiếu thi vị.","Not exact or fully supported comma/semicolon-separated excerpts; may be paraphrase, expansion, or invention. Requires semantic review."
"quote_not_found","pentacles.json","553","pentacles-12","upright","shadow","STR","1","cứng nhắc theo quy trình","Quá rập khuôn theo quy định cũ.","Not exact or fully supported comma/semicolon-separated excerpts; may be paraphrase, expansion, or invention. Requires semantic review."
"quote_not_found","pentacles.json","553","pentacles-12","upright","shadow","RSK","-2","ngại thay đổi","Rất sợ phải thay đổi thói quen làm việc hàng ngày.","Not exact or fully supported comma/semicolon-separated excerpts; may be paraphrase, expansion, or invention. Requires semantic review."
"quote_not_found","pentacles.json","578","pentacles-12","reversed","core","ACT","0","nhận ra sự trì trệ","Ý thức được chiếc xe cày đang bị lún bùn để tìm cách kéo lên.","Not exact or fully supported comma/semicolon-separated excerpts; may be paraphrase, expansion, or invention. Requires semantic review."
"quote_not_found","pentacles.json","578","pentacles-12","reversed","core","EMO","1","thổi luồng gió mới vào tâm hồn","Tìm kiếm niềm vui mới để thoát khỏi cuộc sống tẻ nhạt.","Not exact or fully supported comma/semicolon-separated excerpts; may be paraphrase, expansion, or invention. Requires semantic review."
"quote_not_found","pentacles.json","578","pentacles-12","reversed","core","STR","1","học cách linh hoạt","Tháo bỏ bớt sự bảo thủ để tiếp thu công nghệ và phương pháp mới.","Not exact or fully supported comma/semicolon-separated excerpts; may be paraphrase, expansion, or invention. Requires semantic review."
"quote_not_found","pentacles.json","578","pentacles-12","reversed","core","RSK","1","dám thử nghiệm cái mới","Can đảm bước ra khỏi rãnh cày quen thuộc.","Not exact or fully supported comma/semicolon-separated excerpts; may be paraphrase, expansion, or invention. Requires semantic review."
"quote_not_found","pentacles.json","578","pentacles-12","reversed","core","INT","1","nhìn thấu sự xơ cứng","Hiểu rằng làm việc chăm chỉ nhưng sai hướng chỉ dẫn tới kiệt sức.","Not exact or fully supported comma/semicolon-separated excerpts; may be paraphrase, expansion, or invention. Requires semantic review."
"quote_not_found","pentacles.json","578","pentacles-12","reversed","shadow","ACT","-2","trì trệ, bất động","Lười vận động, đứng yên một chỗ như khúc gỗ mục.","Not exact or fully supported comma/semicolon-separated excerpts; may be paraphrase, expansion, or invention. Requires semantic review."
"quote_not_found","pentacles.json","578","pentacles-12","reversed","shadow","EMO","-1","nhà chán, vô cảm","Cuộc sống khô khốc như sa mạc, không còn một giọt thi vị hay niềm vui.","Not exact or fully supported comma/semicolon-separated excerpts; may be paraphrase, expansion, or invention. Requires semantic review."
"quote_not_found","pentacles.json","578","pentacles-12","reversed","shadow","STR","-2","cứng đầu, bảo thủ gàn dở","Ngoan cố cãi chày cãi cối, thà chết chứ không chịu thay đổi quan điểm.","Not exact or fully supported comma/semicolon-separated excerpts; may be paraphrase, expansion, or invention. Requires semantic review."
"quote_not_found","pentacles.json","578","pentacles-12","reversed","shadow","RSK","-2","khiếp sợ mọi cải cách","Chống đối kịch liệt mọi ý tưởng đổi mới sáng tạo.","Not exact or fully supported comma/semicolon-separated excerpts; may be paraphrase, expansion, or invention. Requires semantic review."
"quote_not_found","pentacles.json","578","pentacles-12","reversed","shadow","INT","-1","đầu óc xơ cứng","Tâm trí hoàn toàn bị đóng băng trong lối mòn cổ lỗ sĩ.","Not exact or fully supported comma/semicolon-separated excerpts; may be paraphrase, expansion, or invention. Requires semantic review."
"quote_not_found","pentacles.json","603","pentacles-13","upright","core","ACT","1","chăm sóc gia đình và công việc","Tháo vát, đảm đang, vừa quán xuyến kinh tế vừa chăm sóc tổ ấm chu đáo.","Not exact or fully supported comma/semicolon-separated excerpts; may be paraphrase, expansion, or invention. Requires semantic review."
"quote_not_found","pentacles.json","603","pentacles-13","upright","core","EMO","2","ấm áp, chăm sóc, bao bọc","Tình mẫu tử ấm áp của Đất Mẹ, nuôi dưỡng vạn vật bằng sự hiền hậu và sung túc.","Not exact or fully supported comma/semicolon-separated excerpts; may be paraphrase, expansion, or invention. Requires semantic review."
"quote_not_found","pentacles.json","603","pentacles-13","upright","core","STR","2","thực tế, tay hòm chìa khóa","Bậc thầy quản gia, chi tiêu khôn ngoan, tích lũy tài sản vững chãi.","Not exact or fully supported comma/semicolon-separated excerpts; may be paraphrase, expansion, or invention. Requires semantic review."
"quote_not_found","pentacles.json","603","pentacles-13","upright","core","RSK","0","bảo toàn gia đạo","Giữ gìn sự ấm no bình yên cho gia đình trên hết.","Not exact or fully supported comma/semicolon-separated excerpts; may be paraphrase, expansion, or invention. Requires semantic review."
"quote_not_found","pentacles.json","603","pentacles-13","upright","core","INT","2","kết nối với thiên nhiên và muông thú","Trực giác nhạy bén với cơ thể, đất đai và các mùa màng cuộc sống.","Not exact or fully supported comma/semicolon-separated excerpts; may be paraphrase, expansion, or invention. Requires semantic review."
"quote_not_found","pentacles.json","603","pentacles-13","upright","shadow","EMO","1","quá bao bọc gia đình","Có thể lo toan quá mức làm người khác cảm thấy ngột ngạt.","Not exact or fully supported comma/semicolon-separated excerpts; may be paraphrase, expansion, or invention. Requires semantic review."
"quote_not_found","pentacles.json","603","pentacles-13","upright","shadow","RSK","-1","ngại mạo hiểm","Thích giữ nguyên nếp nhà ấm êm hơn là xông pha thử thách.","Not exact or fully supported comma/semicolon-separated excerpts; may be paraphrase, expansion, or invention. Requires semantic review."
"quote_not_found","pentacles.json","628","pentacles-13","reversed","core","ACT","0","cần nhìn lại thói ích kỷ","Dừng lại việc đong đếm tình cảm bằng tiền bạc.","Not exact or fully supported comma/semicolon-separated excerpts; may be paraphrase, expansion, or invention. Requires semantic review."
"quote_not_found","pentacles.json","628","pentacles-13","reversed","core","EMO","1","tìm lại tình thương chân thật","Học cách yêu thương vô điều kiện không màng tới lợi ích vật chất.","Not exact or fully supported comma/semicolon-separated excerpts; may be paraphrase, expansion, or invention. Requires semantic review."
"quote_not_found","pentacles.json","628","pentacles-13","reversed","core","STR","1","cân đối lại sự quản lý","Thả lỏng sự kiểm soát tài chính trong gia đình.","Not exact or fully supported comma/semicolon-separated excerpts; may be paraphrase, expansion, or invention. Requires semantic review."
"quote_not_found","pentacles.json","628","pentacles-13","reversed","core","INT","1","thức tỉnh khỏi bẫy vật chất","Nhận ra sự lạnh lẽo của một ngôi nhà đầy đủ tiện nghi nhưng thiếu vắng tình thương.","Not exact or fully supported comma/semicolon-separated excerpts; may be paraphrase, expansion, or invention. Requires semantic review."
"quote_not_found","pentacles.json","628","pentacles-13","reversed","shadow","ACT","1","thâu tóm tài sản","Vơ vét của cải về phần mình, bỏ mặc người thân túng thiếu.","Not exact or fully supported comma/semicolon-separated excerpts; may be paraphrase, expansion, or invention. Requires semantic review."
"quote_not_found","pentacles.json","628","pentacles-13","reversed","shadow","STR","-1","kiểm soát độc đoán gia đạo","Dùng kinh tế để thao túng và ép buộc người thân phục tùng.","Not exact or fully supported comma/semicolon-separated excerpts; may be paraphrase, expansion, or invention. Requires semantic review."
"quote_not_found","pentacles.json","628","pentacles-13","reversed","shadow","RSK","-1","sợ mất của","Ám ảnh tiền bạc khiến tâm thần luôn bất an, nghi kỵ.","Not exact or fully supported comma/semicolon-separated excerpts; may be paraphrase, expansion, or invention. Requires semantic review."
"quote_not_found","pentacles.json","628","pentacles-13","reversed","shadow","INT","-2","vật chất hóa toàn bộ cuộc sống","Mất sạch lương tri, quy đổi mọi giá trị đạo đức và tình cảm ra tiền mặt.","Not exact or fully supported comma/semicolon-separated excerpts; may be paraphrase, expansion, or invention. Requires semantic review."
"source_mismatch","pentacles.json","653","pentacles-14","upright","","","","","","Từ khóa: thành công, tin cậy, quản trị. Ý nghĩa: Nhà Vua Tiền xuôi nhấn mạnh thành công, tin cậy, quản trị; hãy liên hệ năng lượng này với vị trí của lá trong trải bài."
"metadata_mismatch","pentacles.json","653","pentacles-14","upright","","","","","","cardNameVi"
"quote_not_found","pentacles.json","653","pentacles-14","upright","core","ACT","1","quản trị vương quốc tài chính","Hành động đỉnh đạc của bậc thầy đế chế kinh doanh, tạo công ăn việc làm cho muôn người.","Not exact or fully supported comma/semicolon-separated excerpts; may be paraphrase, expansion, or invention. Requires semantic review."
"quote_not_found","pentacles.json","653","pentacles-14","upright","core","EMO","1","tin cậy, hào phóng che chở","Chỗ dựa vững chắc, bao bọc và đem lại sự no ấm thịnh vượng cho mọi người.","Not exact or fully supported comma/semicolon-separated excerpts; may be paraphrase, expansion, or invention. Requires semantic review."
"quote_not_found","pentacles.json","653","pentacles-14","upright","core","STR","2","thành công, tin cậy, quản trị đỉnh cao","Đỉnh cao của năng lực kinh tài, quản trị dòng tiền, kỷ luật doanh nghiệp thép.","Not exact or fully supported comma/semicolon-separated excerpts; may be paraphrase, expansion, or invention. Requires semantic review."
"quote_not_found","pentacles.json","653","pentacles-14","upright","core","RSK","1","tính toán chuẩn xác","Mọi khoản đầu tư đều dựa trên nền móng kiên cố và số liệu thực chứng.","Not exact or fully supported comma/semicolon-separated excerpts; may be paraphrase, expansion, or invention. Requires semantic review."
"quote_not_found","pentacles.json","653","pentacles-14","upright","core","INT","2","chạm tay hóa vàng (bàn tay Midas)","Trực giác kinh doanh thiên tài, nhìn thấy cơ hội sinh lời ở khắp nơi.","Not exact or fully supported comma/semicolon-separated excerpts; may be paraphrase, expansion, or invention. Requires semantic review."
"quote_not_found","pentacles.json","653","pentacles-14","upright","shadow","EMO","0","hơi thực dụng","Có thể đánh giá con người qua vị thế xã hội và tài sản.","Not exact or fully supported comma/semicolon-separated excerpts; may be paraphrase, expansion, or invention. Requires semantic review."
"quote_not_found","pentacles.json","653","pentacles-14","upright","shadow","STR","1","nguyên tắc kinh doanh","Đôi khi quá chú trọng vào hiệu quả tài chính mà thiếu đi sự ngẫu hứng.","Not exact or fully supported comma/semicolon-separated excerpts; may be paraphrase, expansion, or invention. Requires semantic review."
"source_mismatch","pentacles.json","678","pentacles-14","reversed","","","","","","Từ khóa: tham lam, bảo thủ, tha hóa. Ý nghĩa: Nhà Vua Tiền ngược gợi ý tham lam, bảo thủ, tha hóa; đây là điểm cần nhìn lại thay vì một kết luận cố định."
"metadata_mismatch","pentacles.json","678","pentacles-14","reversed","","","","","","cardNameVi"
"quote_not_found","pentacles.json","678","pentacles-14","reversed","core","ACT","0","cần nhìn lại thói tham lam","Dừng lại việc theo đuổi lợi nhuận bằng mọi thủ đoạn phi pháp.","Not exact or fully supported comma/semicolon-separated excerpts; may be paraphrase, expansion, or invention. Requires semantic review."
"quote_not_found","pentacles.json","678","pentacles-14","reversed","core","EMO","1","tìm lại sự thanh liêm","Chữa lành lương tâm, trả lại những gì đã chiếm đoạt bất chính.","Not exact or fully supported comma/semicolon-separated excerpts; may be paraphrase, expansion, or invention. Requires semantic review."
"quote_not_found","pentacles.json","678","pentacles-14","reversed","core","STR","1","chấn chỉnh đạo đức kinh doanh","Thiết lập lại chuẩn mực kế toán minh bạch và tính chính trực.","Not exact or fully supported comma/semicolon-separated excerpts; may be paraphrase, expansion, or invention. Requires semantic review."
"quote_not_found","pentacles.json","678","pentacles-14","reversed","core","INT","1","nhận ra sự tha hóa của quyền lực","Thức tỉnh trước cái giá phải trả khi bán linh hồn cho quỷ dữ vì tiền.","Not exact or fully supported comma/semicolon-separated excerpts; may be paraphrase, expansion, or invention. Requires semantic review."
"quote_not_found","pentacles.json","678","pentacles-14","reversed","shadow","ACT","1","lũng đoạn kinh tế","Dùng tiền tài mua chuộc, hối lộ và thao túng thị trường vì tư lợi.","Not exact or fully supported comma/semicolon-separated excerpts; may be paraphrase, expansion, or invention. Requires semantic review."
"quote_not_found","pentacles.json","678","pentacles-14","reversed","shadow","EMO","-2","tha hóa, tàn nhẫn vì tiền","Vắt chanh bỏ vỏ, bóc lột sức lao động của người khác không chút thương xót.","Not exact or fully supported comma/semicolon-separated excerpts; may be paraphrase, expansion, or invention. Requires semantic review."
"quote_not_found","pentacles.json","678","pentacles-14","reversed","shadow","STR","-2","bảo thủ, tha hóa đạo đức","Xây dựng đế chế trên sự bóc lột và gian lận, phá vỡ đạo lý kinh doanh.","Not exact or fully supported comma/semicolon-separated excerpts; may be paraphrase, expansion, or invention. Requires semantic review."
"quote_not_found","pentacles.json","678","pentacles-14","reversed","shadow","RSK","2","làm ăn bất chính liều lĩnh","Bất chấp pháp luật và đạo đức để làm giàu phi pháp.","Not exact or fully supported comma/semicolon-separated excerpts; may be paraphrase, expansion, or invention. Requires semantic review."
"quote_not_found","pentacles.json","678","pentacles-14","reversed","shadow","INT","-2","tham lam làm mù mắt","Lòng tham vô đáy khiến mắt mờ tai điếc trước mọi lời cảnh báo nhân quả.","Not exact or fully supported comma/semicolon-separated excerpts; may be paraphrase, expansion, or invention. Requires semantic review."